user_id,signup_week,"number of weeks active after signup"
11768,17,1
11770,17,1
11775,17,2
11778,17,3
11779,17,5
11780,17,2
11785,17,1
11787,17,3
11791,17,2
11793,17,6
11795,17,2
11798,17,6
11799,17,10
11801,17,2
11804,17,2
11806,17,1
11809,17,1
11811,17,2
11813,17,6
11816,17,3
11818,17,2
11820,17,4
11823,17,3
11824,17,7
11825,17,3
11826,17,2
11828,17,3
11829,17,3
11832,17,4
11833,17,14
11834,17,2
11838,17,2
11839,17,1
11840,17,2
11841,17,6
11842,17,6
11843,17,3
11844,17,6
11849,17,3
11850,17,3
11852,17,5
11854,17,3
11858,17,6
11859,17,4
11863,17,6
11864,17,2
11865,17,3
11868,17,9
11872,17,2
11874,17,2
11875,17,2
11876,17,2
11877,17,8
11879,17,2
11881,17,6
11882,17,2
11884,17,1
11887,17,2
11888,17,5
11889,17,2
11893,17,14
11894,17,2
11895,17,3
11896,17,2
11898,17,1
11899,17,4
11900,17,6
11901,17,4
11906,17,12
11908,17,3
11909,17,7
11914,17,6
11919,18,2
11920,18,1
11924,18,1
11926,18,8
11928,18,8
11929,18,1
11931,18,6
11933,18,6
11936,18,3
11939,18,3
11940,18,4
11942,18,7
11944,18,3
11947,18,2
11949,18,7
11953,18,3
11955,18,5
11960,18,2
11961,18,1
11962,18,3
11963,18,4
11971,18,1
11972,18,6
11973,18,1
11975,18,2
11981,18,1
11984,18,5
11986,18,6
11990,18,3
11991,18,1
11992,18,7
11994,18,1
11995,18,1
11997,18,1
11998,18,6
11999,18,3
12001,18,8
12005,18,2
12007,18,11
12010,18,2
12014,18,5
12019,18,1
12021,18,1
12022,18,1
12023,18,5
12026,18,1
12027,18,1
12028,18,1
12029,18,4
12030,18,1
12031,18,1
12033,18,6
12034,18,14
12035,18,2
12040,18,7
12042,18,3
12045,18,2
12048,18,3
12050,18,5
12053,18,3
12054,18,9
12056,18,3
12057,18,1
12058,18,5
12061,18,2
12063,18,3
12066,18,4
12072,18,5
12073,18,4
12074,18,1
12076,18,3
12077,18,2
12079,18,9
12081,18,6
12082,18,1
12084,18,3
12085,18,2
12087,18,3
12089,18,2
12093,18,2
12095,18,9
12097,18,4
12101,18,2
12102,18,3
12103,18,1
12106,18,1
12107,18,6
12111,18,2
12113,18,2
12118,18,3
12119,18,4
12120,18,1
12121,18,1
12122,18,4
12127,18,7
12133,18,2
12135,18,2
12136,18,3
12137,18,4
12138,18,4
12141,18,2
12144,18,5
12147,18,4
12148,18,4
12149,18,4
12151,18,1
12152,18,8
12153,18,5
12161,18,6
12162,18,4
12164,18,13
12165,18,3
12167,18,3
12169,18,4
12170,18,6
12171,18,1
12173,18,3
12174,18,1
12176,18,3
12178,18,6
12180,18,2
12181,18,4
12183,18,3
12184,18,2
12185,18,6
12188,18,3
12189,18,5
12191,18,3
12193,18,2
12196,18,1
12202,18,2
12205,18,13
12208,18,2
12212,18,5
12213,18,3
12214,18,3
12216,18,9
12217,18,3
12221,18,7
12225,18,2
12227,18,3
12228,18,7
12230,18,2
12233,18,1
12235,18,1
12236,18,4
12237,18,8
12238,18,2
12241,18,7
12243,18,2
12246,18,9
12247,18,3
12248,18,12
12249,18,5
12250,18,6
12251,18,5
12256,18,2
12263,18,7
12265,18,4
12266,18,4
12267,18,2
12268,18,1
12270,18,2
12277,19,1
12279,19,1
12281,19,1
12282,19,1
12284,19,1
12285,19,1
12290,19,2
12291,19,2
12292,19,5
12293,19,3
12294,19,1
12296,19,1
12297,19,4
12301,19,3
12302,19,3
12303,19,1
12310,19,6
12311,19,5
12312,19,1
12313,19,3
12315,19,3
12318,19,5
12319,19,3
12323,19,10
12324,19,3
12325,19,2
12326,19,1
12327,19,1
12328,19,2
12330,19,3
12333,19,11
12334,19,1
12335,19,4
12337,19,3
12341,19,6
12346,19,1
12348,19,7
12350,19,3
12352,19,4
12355,19,4
12356,19,4
12357,19,10
12358,19,8
12361,19,3
12363,19,3
12367,19,9
12369,19,1
12370,19,2
12372,19,7
12373,19,9
12375,19,5
12382,19,5
12383,19,2
12386,19,3
12388,19,1
12389,19,14
12391,19,4
12393,19,10
12395,19,4
12397,19,2
12400,19,5
12402,19,1
12403,19,3
12404,19,2
12406,19,4
12407,19,2
12408,19,6
12411,19,2
12417,19,2
12420,19,5
12421,19,4
12425,19,5
12429,19,3
12432,19,3
12434,19,3
12436,19,4
12438,19,3
12439,19,5
12440,19,1
12441,19,2
12443,19,2
12445,19,3
12447,19,2
12448,19,1
12449,19,9
12451,19,3
12452,19,1
12454,19,3
12456,19,7
12460,19,2
12462,19,3
12463,19,1
12464,19,5
12468,19,3
12470,19,6
12471,19,3
12472,19,2
12473,19,3
12474,19,4
12477,19,6
12478,19,2
12480,19,6
12481,19,5
12483,19,6
12486,19,3
12487,19,3
12488,19,1
12490,19,5
12492,19,2
12493,19,11
12496,19,3
12497,19,2
12499,19,3
12501,19,9
12503,19,1
12505,19,2
12506,19,2
12509,19,2
12510,19,2
12512,19,2
12515,19,2
12516,19,1
12517,19,5
12518,19,4
12519,19,2
12521,19,2
12522,19,2
12524,19,5
12526,19,2
12527,19,2
12529,19,3
12530,19,2
12531,19,4
12534,19,1
12537,19,2
12539,19,2
12541,19,3
12543,19,7
12544,19,1
12545,19,3
12547,19,7
12548,19,4
12550,19,4
12551,19,2
12553,19,2
12554,19,2
12558,19,3
12560,19,2
12562,19,4
12564,19,2
12565,19,10
12567,19,7
12569,19,3
12570,19,1
12571,19,3
12573,19,2
12574,19,2
12576,19,2
12577,19,2
12578,19,3
12582,19,1
12584,19,7
12585,19,7
12586,19,2
12589,19,3
12591,19,3
12593,19,10
12594,19,4
12595,19,3
12599,19,6
12600,19,2
12603,19,2
12604,19,5
12605,19,3
12607,19,10
12608,19,3
12610,19,8
12611,19,4
12613,19,5
12615,19,2
12617,19,14
12621,19,2
12627,19,3
12628,19,6
12630,19,5
12632,20,1
12633,20,7
12636,20,1
12637,20,3
12640,20,3
12641,20,3
12648,20,3
12652,20,4
12654,20,2
12655,20,1
12656,20,2
12658,20,1
12660,20,3
12662,20,9
12663,20,2
12665,20,1
12666,20,3
12670,20,13
12672,20,3
12674,20,1
12678,20,8
12679,20,3
12683,20,4
12685,20,1
12686,20,4
12687,20,3
12689,20,4
12692,20,1
12695,20,1
12696,20,2
12697,20,1
12698,20,1
12700,20,2
12703,20,4
12705,20,1
12708,20,7
12709,20,2
12710,20,1
12716,20,6
12718,20,1
12723,20,1
12725,20,6
12728,20,1
12732,20,1
12733,20,4
12735,20,7
12738,20,1
12741,20,4
12742,20,3
12743,20,4
12744,20,5
12745,20,2
12747,20,4
12748,20,3
12749,20,3
12751,20,4
12752,20,12
12753,20,3
12754,20,3
12757,20,5
12758,20,7
12759,20,4
12761,20,6
12764,20,9
12770,20,2
12771,20,1
12772,20,4
12773,20,2
12776,20,2
12777,20,4
12780,20,4
12783,20,1
12784,20,1
12785,20,1
12786,20,3
12788,20,3
12791,20,2
12792,20,5
12797,20,8
12798,20,4
12800,20,3
12801,20,3
12805,20,2
12809,20,2
12810,20,4
12811,20,4
12817,20,4
12818,20,2
12820,20,2
12824,20,1
12827,20,2
12828,20,2
12829,20,2
12832,20,3
12833,20,2
12842,20,1
12843,20,6
12844,20,3
12845,20,1
12849,20,9
12850,20,6
12852,20,2
12853,20,5
12856,20,4
12859,20,3
12864,20,13
12865,20,3
12867,20,3
12872,20,3
12874,20,3
12875,20,3
12879,20,3
12880,20,9
12881,20,2
12882,20,4
12883,20,6
12887,20,3
12888,20,9
12889,20,3
12890,20,11
12891,20,4
12893,20,4
12894,20,6
12897,20,3
12899,20,6
12900,20,5
12902,20,12
12903,20,3
12904,20,4
12907,20,7
12910,20,1
12911,20,3
12912,20,4
12915,20,1
12916,20,4
12918,20,2
12921,20,1
12924,20,2
12925,20,3
12927,20,2
12928,20,7
12929,20,3
12931,20,6
12934,20,4
12936,20,3
12937,20,11
12939,20,3
12942,20,2
12944,20,3
12945,20,5
12946,20,8
12949,20,2
12950,20,2
12955,20,3
12957,20,9
12959,20,2
12963,20,6
12964,20,8
12968,20,3
12969,20,4
12970,20,2
12971,20,4
12972,20,1
12973,20,3
12976,20,15
12977,20,7
12982,20,9
12985,20,3
12988,20,2
12992,20,6
12994,20,8
12995,20,14
12996,20,3
12997,20,1
12998,20,3
13003,20,2
13004,21,6
13005,21,1
13007,21,5
13010,21,3
13014,21,1
13015,21,6
13017,21,2
13020,21,3
13022,21,1
13023,21,2
13025,21,7
13029,21,1
13030,21,1
13034,21,3
13036,21,1
13041,21,1
13042,21,1
13044,21,2
13046,21,4
13047,21,2
13048,21,2
13049,21,1
13056,21,3
13059,21,7
13060,21,5
13065,21,2
13067,21,3
13072,21,4
13073,21,4
13074,21,2
13078,21,1
13079,21,4
13084,21,5
13088,21,2
13093,21,1
13098,21,2
13099,21,3
13100,21,2
13101,21,1
13102,21,2
13104,21,3
13105,21,2
13108,21,3
13110,21,2
13111,21,5
13112,21,7
13113,21,3
13114,21,2
13115,21,1
13117,21,3
13118,21,6
13119,21,1
13121,21,7
13122,21,2
13127,21,2
13128,21,7
13129,21,1
13132,21,4
13134,21,4
13137,21,1
13139,21,1
13140,21,4
13141,21,4
13143,21,2
13144,21,5
13145,21,1
13146,21,5
13147,21,3
13148,21,2
13151,21,1
13152,21,10
13154,21,2
13156,21,4
13158,21,1
13160,21,1
13161,21,4
13162,21,3
13164,21,1
13165,21,8
13172,21,4
13173,21,2
13174,21,2
13175,21,2
13177,21,1
13178,21,4
13179,21,2
13183,21,6
13184,21,8
13186,21,4
13190,21,2
13191,21,3
13192,21,4
13195,21,2
13198,21,4
13200,21,2
13201,21,3
13202,21,7
13204,21,2
13205,21,2
13209,21,1
13211,21,3
13214,21,5
13215,21,4
13216,21,5
13220,21,9
13221,21,6
13223,21,2
13225,21,4
13226,21,3
13227,21,3
13229,21,9
13232,21,5
13233,21,3
13235,21,5
13236,21,4
13238,21,2
13240,21,3
13243,21,2
13244,21,9
13245,21,1
13246,21,3
13247,21,14
13248,21,3
13249,21,4
13252,21,5
13255,21,1
13256,21,6
13258,21,4
13261,21,5
13262,21,5
13263,21,3
13267,21,7
13269,21,1
13270,21,2
13272,21,3
13273,21,7
13275,21,1
13277,21,5
13278,21,7
13279,21,4
13280,21,5
13285,21,2
13286,21,1
13288,21,4
13290,21,12
13291,21,2
13292,21,2
13293,21,5
13299,21,5
13300,21,2
13301,21,8
13302,21,5
13303,21,2
13305,21,1
13308,21,1
13311,21,2
13312,21,2
13315,21,3
13317,21,5
13319,21,4
13322,21,4
13324,21,5
13325,21,5
13328,21,2
13329,21,7
13330,21,5
13333,21,3
13335,21,1
13337,21,2
13338,21,1
13341,21,2
13342,21,6
13344,21,2
13346,21,4
13347,21,6
13348,21,6
13350,21,6
13352,21,3
13353,21,8
13357,21,2
13359,21,4
13362,21,4
13363,21,2
13365,22,2
13366,22,1
13367,22,3
13369,22,1
13372,22,7
13377,22,1
13378,22,1
13383,22,4
13384,22,3
13385,22,2
13387,22,10
13393,22,10
13394,22,1
13395,22,8
13396,22,2
13397,22,1
13398,22,1
13399,22,7
13400,22,3
13405,22,1
13406,22,9
13408,22,1
13409,22,3
13411,22,6
13412,22,2
13417,22,2
13419,22,1
13420,22,2
13422,22,1
13425,22,2
13427,22,4
13432,22,1
13434,22,9
13438,22,2
13439,22,6
13440,22,2
13441,22,4
13443,22,6
13444,22,3
13448,22,4
13452,22,1
13453,22,2
13454,22,2
13456,22,7
13461,22,4
13462,22,3
13464,22,8
13466,22,3
13468,22,3
13469,22,7
13470,22,3
13471,22,1
13475,22,3
13478,22,5
13480,22,2
13482,22,1
13483,22,1
13484,22,2
13486,22,3
13488,22,1
13490,22,3
13492,22,3
13494,22,2
13495,22,2
13496,22,2
13497,22,1
13498,22,1
13506,22,3
13508,22,4
13509,22,6
13511,22,5
13514,22,5
13516,22,6
13520,22,8
13521,22,2
13522,22,2
13523,22,3
13526,22,6
13527,22,2
13528,22,7
13531,22,5
13532,22,4
13533,22,2
13534,22,2
13539,22,7
13541,22,3
13542,22,4
13543,22,1
13547,22,5
13548,22,6
13549,22,4
13550,22,4
13551,22,1
13552,22,5
13553,22,2
13555,22,1
13556,22,5
13557,22,1
13563,22,4
13564,22,2
13565,22,2
13569,22,2
13570,22,2
13572,22,4
13575,22,4
13576,22,4
13577,22,3
13578,22,2
13579,22,11
13580,22,10
13581,22,8
13583,22,5
13584,22,3
13585,22,2
13586,22,2
13589,22,2
13590,22,4
13591,22,6
13592,22,2
13594,22,5
13595,22,5
13600,22,2
13605,22,5
13608,22,4
13612,22,1
13613,22,3
13617,22,1
13618,22,5
13621,22,2
13623,22,6
13624,22,2
13625,22,4
13627,22,2
13630,22,1
13631,22,7
13632,22,5
13640,22,2
13641,22,2
13644,22,7
13648,22,1
13649,22,2
13653,22,5
13654,22,2
13655,22,4
13658,22,2
13659,22,8
13660,22,3
13662,22,5
13666,22,10
13667,22,2
13671,22,5
13672,22,5
13674,22,7
13676,22,2
13680,22,4
13681,22,2
13684,22,7
13685,22,1
13686,22,1
13687,22,4
13688,22,7
13691,22,4
13693,22,2
13694,22,3
13696,22,3
13697,22,6
13698,22,1
13699,22,7
13701,22,2
13702,22,8
13704,22,3
13706,22,4
13709,22,6
13710,22,3
13711,22,2
13713,22,3
13719,22,2
13720,22,2
13721,22,5
13723,22,3
13726,22,3
13727,22,2
13729,22,3
13731,22,2
13732,22,2
13733,22,3
13734,22,3
13737,22,3
13741,22,2
13742,22,3
13743,22,2
13744,22,3
13747,22,2
13750,22,2
13754,22,6
13755,22,4
13757,23,7
13759,23,2
13761,23,7
13762,23,3
13763,23,1
13764,23,7
13765,23,3
13766,23,1
13769,23,1
13773,23,4
13775,23,5
13776,23,7
13778,23,2
13782,23,1
13783,23,2
13784,23,1
13785,23,4
13787,23,1
13789,23,3
13790,23,3
13793,23,3
13797,23,6
13798,23,1
13799,23,4
13804,23,2
13809,23,2
13810,23,4
13818,23,8
13819,23,4
13821,23,3
13823,23,4
13824,23,2
13825,23,1
13826,23,7
13827,23,1
13830,23,1
13832,23,3
13833,23,1
13834,23,1
13835,23,2
13839,23,6
13841,23,1
13842,23,1
13843,23,5
13845,23,2
13847,23,1
13849,23,4
13851,23,6
13853,23,2
13858,23,10
13859,23,1
13860,23,6
13871,23,2
13874,23,1
13882,23,3
13884,23,2
13887,23,6
13888,23,10
13892,23,3
13894,23,8
13895,23,1
13896,23,3
13897,23,3
13898,23,4
13899,23,5
13900,23,7
13902,23,1
13907,23,1
13908,23,1
13910,23,2
13918,23,6
13919,23,1
13920,23,11
13922,23,3
13923,23,2
13924,23,4
13925,23,3
13928,23,2
13930,23,1
13932,23,2
13933,23,5
13938,23,6
13940,23,5
13941,23,2
13942,23,6
13945,23,7
13947,23,1
13948,23,3
13955,23,2
13956,23,2
13957,23,9
13960,23,4
13961,23,3
13962,23,2
13964,23,5
13968,23,2
13970,23,3
13973,23,5
13974,23,8
13976,23,2
13977,23,4
13978,23,3
13979,23,1
13982,23,3
13984,23,3
13985,23,7
13989,23,3
13992,23,1
13995,23,2
13996,23,1
14000,23,2
14003,23,2
14005,23,4
14007,23,2
14008,23,6
14009,23,5
14011,23,2
14012,23,3
14013,23,5
14016,23,5
14018,23,9
14019,23,4
14024,23,2
14026,23,6
14027,23,5
14028,23,2
14029,23,2
14032,23,9
14033,23,2
14035,23,6
14037,23,9
14038,23,3
14039,23,3
14040,23,7
14041,23,5
14042,23,7
14043,23,2
14044,23,1
14046,23,1
14048,23,2
14049,23,8
14050,23,3
14051,23,6
14053,23,5
14054,23,2
14058,23,2
14061,23,2
14062,23,10
14066,23,2
14067,23,1
14068,23,2
14070,23,2
14073,23,2
14076,23,8
14077,23,2
14081,23,1
14083,23,2
14084,23,6
14085,23,2
14086,23,8
14093,23,1
14094,23,6
14095,23,2
14096,23,2
14098,23,2
14099,23,1
14101,23,8
14102,23,8
14103,23,6
14106,23,2
14107,23,3
14108,23,2
14110,23,10
14111,23,6
14113,23,2
14114,23,6
14118,23,4
14124,23,3
14125,23,2
14128,23,2
14129,23,3
14130,23,3
14132,23,5
14133,23,5
14135,23,2
14139,23,3
14140,23,2
14141,23,9
14142,23,1
14146,23,2
14147,23,3
14148,23,3
14150,23,1
14154,23,3
14157,23,3
14158,23,4
14170,24,3
14172,24,9
14173,24,2
14176,24,3
14177,24,4
14179,24,1
14181,24,1
14182,24,1
14183,24,3
14185,24,2
14186,24,2
14187,24,1
14189,24,5
14190,24,1
14194,24,1
14195,24,2
14198,24,1
14199,24,5
14200,24,4
14201,24,7
14202,24,1
14204,24,2
14206,24,1
14208,24,2
14210,24,1
14214,24,2
14217,24,3
14220,24,7
14222,24,3
14223,24,2
14226,24,3
14227,24,3
14228,24,1
14232,24,1
14234,24,4
14237,24,4
14240,24,3
14241,24,2
14242,24,3
14243,24,2
14244,24,2
14245,24,1
14247,24,3
14250,24,3
14251,24,1
14252,24,1
14253,24,6
14254,24,1
14256,24,1
14259,24,4
14260,24,1
14263,24,6
14265,24,6
14266,24,8
14267,24,2
14272,24,3
14273,24,6
14274,24,5
14275,24,7
14277,24,1
14278,24,2
14279,24,5
14280,24,4
14281,24,2
14282,24,1
14283,24,2
14284,24,4
14285,24,3
14287,24,1
14288,24,1
14289,24,1
14291,24,6
14292,24,1
14293,24,6
14294,24,2
14295,24,1
14298,24,1
14299,24,1
14300,24,1
14301,24,2
14302,24,1
14303,24,6
14304,24,7
14307,24,3
14309,24,3
14313,24,4
14314,24,5
14316,24,2
14317,24,1
14318,24,2
14319,24,1
14321,24,1
14323,24,3
14325,24,4
14326,24,2
14327,24,1
14329,24,6
14330,24,2
14334,24,2
14335,24,5
14336,24,2
14339,24,1
14340,24,1
14341,24,2
14347,24,1
14349,24,5
14350,24,2
14351,24,3
14355,24,2
14356,24,2
14357,24,4
14358,24,5
14359,24,2
14361,24,3
14362,24,2
14363,24,2
14365,24,5
14368,24,2
14369,24,2
14371,24,2
14372,24,3
14373,24,4
14374,24,4
14377,24,9
14378,24,1
14380,24,5
14382,24,2
14383,24,1
14384,24,1
14387,24,2
14388,24,1
14390,24,2
14391,24,3
14395,24,2
14396,24,5
14397,24,2
14400,24,2
14403,24,3
14405,24,7
14409,24,1
14411,24,1
14412,24,1
14413,24,4
14416,24,2
14417,24,4
14418,24,1
14422,24,2
14424,24,5
14426,24,7
14429,24,1
14433,24,7
14435,24,5
14437,24,3
14438,24,5
14439,24,4
14441,24,8
14442,24,2
14443,24,2
14445,24,2
14448,24,3
14451,24,3
14453,24,2
14454,24,5
14455,24,4
14457,24,2
14459,24,3
14462,24,2
14464,24,2
14467,24,1
14469,24,5
14470,24,2
14471,24,5
14477,24,2
14478,24,4
14479,24,8
14480,24,1
14482,24,2
14484,24,3
14485,24,2
14491,24,3
14494,24,2
14496,24,2
14499,24,3
14500,24,2
14501,24,1
14502,24,9
14504,24,4
14505,24,4
14506,24,6
14509,24,1
14510,24,2
14511,24,2
14512,24,2
14516,24,4
14517,24,6
14518,24,5
14519,24,7
14523,24,8
14524,24,6
14530,24,2
14531,24,2
14532,24,4
14536,24,2
14541,24,5
14542,24,8
14545,24,3
14552,24,6
14553,24,2
14554,24,2
14555,24,2
14556,24,1
14558,24,5
14559,24,1
14560,24,2
14562,24,2
14564,24,2
14566,24,4
14567,24,1
14570,24,3
14571,24,3
14573,24,2
14575,24,5
14579,24,8
14582,24,2
14584,24,7
14585,24,2
14586,24,6
14587,24,3
14588,24,3
14593,25,2
14597,25,2
14599,25,7
14602,25,2
14606,25,2
14609,25,4
14611,25,1
14613,25,2
14614,25,1
14615,25,3
14618,25,3
14620,25,7
14621,25,5
14625,25,6
14626,25,3
14627,25,2
14628,25,2
14629,25,4
14630,25,1
14632,25,1
14633,25,1
14634,25,3
14635,25,2
14638,25,3
14639,25,4
14640,25,3
14643,25,1
14644,25,2
14646,25,2
14649,25,2
14650,25,1
14651,25,10
14655,25,2
14657,25,1
14658,25,2
14660,25,2
14664,25,2
14665,25,5
14666,25,2
14668,25,3
14669,25,1
14670,25,4
14672,25,3
14677,25,3
14680,25,5
14683,25,3
14684,25,3
14685,25,3
14687,25,2
14689,25,2
14690,25,2
14691,25,1
14692,25,2
14693,25,2
14704,25,4
14705,25,1
14707,25,1
14710,25,2
14711,25,3
14720,25,1
14723,25,8
14726,25,3
14732,25,4
14733,25,5
14734,25,3
14738,25,3
14740,25,3
14742,25,6
14743,25,3
14745,25,3
14747,25,5
14749,25,8
14750,25,7
14752,25,4
14754,25,8
14757,25,5
14759,25,2
14760,25,2
14766,25,7
14767,25,2
14768,25,4
14770,25,3
14771,25,4
14773,25,1
14774,25,3
14775,25,4
14780,25,3
14784,25,3
14788,25,2
14789,25,1
14790,25,2
14792,25,4
14793,25,6
14799,25,3
14804,25,3
14805,25,2
14806,25,2
14808,25,5
14809,25,3
14810,25,2
14811,25,4
14813,25,2
14814,25,2
14816,25,3
14818,25,2
14819,25,5
14820,25,5
14821,25,2
14823,25,6
14824,25,2
14825,25,1
14826,25,1
14828,25,5
14829,25,3
14831,25,2
14832,25,3
14833,25,7
14834,25,2
14837,25,2
14842,25,1
14847,25,4
14848,25,6
14849,25,6
14850,25,2
14851,25,2
14852,25,4
14853,25,3
14855,25,3
14856,25,2
14857,25,3
14859,25,1
14860,25,5
14863,25,7
14866,25,4
14869,25,3
14871,25,1
14873,25,3
14874,25,2
14877,25,5
14878,25,1
14880,25,2
14881,25,3
14882,25,2
14885,25,6
14890,25,2
14891,25,6
14892,25,4
14893,25,3
14894,25,2
14898,25,1
14900,25,1
14901,25,4
14902,25,4
14905,25,1
14906,25,3
14907,25,5
14912,25,6
14913,25,2
14915,25,5
14918,25,4
14921,25,2
14922,25,3
14923,25,4
14925,25,3
14926,25,1
14927,25,5
14928,25,6
14929,25,1
14930,25,3
14931,25,9
14932,25,4
14935,25,2
14940,25,5
14943,25,4
14944,25,3
14945,25,1
14947,25,3
14948,25,2
14949,25,4
14951,25,3
14952,25,1
14953,25,1
14955,25,10
14957,25,3
14958,25,5
14960,25,8
14961,25,4
14962,25,4
14963,25,4
14964,25,4
14965,25,2
14966,25,2
14970,25,3
14971,25,2
14972,25,3
14973,25,2
14974,25,2
14975,25,3
14976,25,3
14977,25,7
14978,25,4
14979,25,7
14983,25,3
14986,25,2
14987,25,5
14988,25,1
14991,25,3
14994,26,2
14995,26,6
14996,26,1
15001,26,1
15005,26,5
15007,26,5
15009,26,4
15011,26,3
15012,26,2
15015,26,3
15016,26,7
15018,26,7
15020,26,3
15022,26,3
15024,26,1
15025,26,6
15028,26,1
15029,26,1
15030,26,2
15033,26,7
15039,26,5
15041,26,3
15042,26,1
15043,26,1
15045,26,1
15048,26,4
15052,26,3
15054,26,1
15055,26,4
15066,26,2
15067,26,2
15072,26,1
15074,26,2
15075,26,1
15077,26,3
15078,26,1
15079,26,1
15081,26,5
15082,26,3
15083,26,1
15085,26,8
15087,26,2
15088,26,3
15090,26,1
15091,26,4
15093,26,1
15094,26,1
15096,26,4
15101,26,1
15105,26,3
15107,26,3
15109,26,4
15112,26,6
15113,26,2
15116,26,3
15123,26,2
15124,26,2
15126,26,4
15127,26,1
15128,26,1
15132,26,4
15133,26,6
15135,26,2
15136,26,1
15137,26,1
15140,26,1
15143,26,1
15146,26,2
15149,26,3
15150,26,1
15156,26,2
15158,26,3
15159,26,2
15160,26,8
15161,26,1
15163,26,2
15164,26,1
15165,26,1
15166,26,7
15168,26,3
15169,26,1
15170,26,3
15172,26,1
15174,26,4
15177,26,3
15180,26,3
15181,26,2
15182,26,4
15184,26,8
15185,26,4
15186,26,2
15188,26,5
15190,26,7
15200,26,2
15201,26,2
15202,26,3
15204,26,1
15207,26,2
15208,26,5
15214,26,1
15216,26,3
15218,26,3
15219,26,5
15220,26,6
15224,26,2
15225,26,4
15226,26,2
15227,26,3
15228,26,5
15229,26,3
15230,26,3
15231,26,4
15233,26,3
15235,26,2
15239,26,2
15240,26,8
15241,26,3
15244,26,1
15245,26,1
15247,26,3
15249,26,2
15251,26,2
15253,26,4
15254,26,6
15257,26,3
15261,26,6
15263,26,2
15266,26,2
15269,26,1
15273,26,2
15274,26,3
15275,26,5
15277,26,2
15280,26,1
15281,26,2
15283,26,3
15284,26,2
15285,26,2
15287,26,4
15288,26,2
15289,26,7
15291,26,2
15292,26,1
15295,26,3
15296,26,5
15302,26,2
15303,26,3
15304,26,3
15305,26,1
15308,26,1
15309,26,6
15310,26,2
15311,26,7
15312,26,2
15314,26,4
15316,26,3
15319,26,5
15320,26,3
15321,26,1
15324,26,2
15325,26,3
15328,26,3
15329,26,6
15330,26,4
15332,26,5
15333,26,5
15334,26,1
15335,26,2
15337,26,2
15339,26,7
15340,26,2
15347,26,4
15348,26,2
15350,26,7
15351,26,2
15352,26,3
15353,26,2
15355,26,8
15357,26,3
15358,26,1
15359,26,1
15363,26,8
15364,26,2
15365,26,5
15366,26,2
15367,26,5
15372,26,8
15375,26,2
15376,26,5
15378,26,1
15380,26,9
15381,26,6
15382,26,1
15384,26,6
15385,26,2
15386,26,1
15389,26,4
15392,26,8
15395,26,3
15396,26,7
15400,26,7
15402,27,1
15403,27,1
15405,27,3
15407,27,5
15409,27,6
15410,27,4
15416,27,3
15418,27,1
15422,27,1
15424,27,5
15426,27,2
15429,27,1
15431,27,5
15432,27,2
15434,27,1
15435,27,1
15436,27,7
15438,27,2
15439,27,5
15440,27,5
15443,27,8
15444,27,4
15445,27,8
15447,27,3
15449,27,2
15450,27,1
15452,27,4
15455,27,1
15456,27,3
15457,27,1
15458,27,3
15463,27,2
15464,27,1
15465,27,7
15467,27,4
15468,27,2
15469,27,4
15471,27,5
15472,27,2
15473,27,8
15474,27,2
15475,27,2
15476,27,2
15478,27,1
15481,27,1
15482,27,4
15483,27,1
15490,27,4
15491,27,3
15493,27,2
15494,27,2
15495,27,7
15497,27,5
15498,27,1
15499,27,5
15503,27,3
15504,27,1
15505,27,1
15506,27,2
15509,27,1
15510,27,3
15511,27,5
15512,27,5
15515,27,1
15517,27,2
15519,27,6
15521,27,8
15527,27,1
15530,27,1
15531,27,2
15532,27,1
15533,27,5
15534,27,6
15536,27,1
15538,27,3
15539,27,2
15540,27,1
15541,27,1
15543,27,4
15545,27,2
15548,27,6
15550,27,4
15551,27,3
15553,27,2
15556,27,3
15558,27,1
15559,27,1
15560,27,4
15561,27,2
15564,27,1
15566,27,1
15569,27,1
15570,27,2
15571,27,3
15576,27,2
15579,27,2
15583,27,2
15584,27,2
15585,27,2
15586,27,1
15587,27,5
15589,27,3
15590,27,1
15594,27,3
15595,27,3
15600,27,4
15601,27,3
15603,27,3
15605,27,1
15609,27,5
15610,27,5
15611,27,3
15613,27,6
15615,27,2
15616,27,3
15617,27,3
15619,27,4
15620,27,4
15623,27,2
15624,27,3
15625,27,6
15626,27,5
15627,27,2
15628,27,6
15631,27,5
15633,27,5
15634,27,4
15635,27,4
15637,27,3
15638,27,1
15639,27,2
15640,27,1
15641,27,1
15644,27,4
15646,27,2
15648,27,3
15651,27,2
15655,27,2
15656,27,6
15657,27,3
15660,27,2
15661,27,4
15664,27,3
15665,27,1
15666,27,2
15667,27,6
15670,27,4
15671,27,2
15678,27,2
15679,27,3
15680,27,5
15682,27,3
15683,27,2
15684,27,5
15686,27,2
15687,27,2
15688,27,6
15690,27,2
15693,27,1
15694,27,3
15696,27,4
15697,27,3
15698,27,3
15699,27,2
15701,27,5
15702,27,2
15705,27,2
15708,27,3
15709,27,4
15715,27,2
15717,27,1
15718,27,6
15719,27,6
15720,27,2
15722,27,3
15723,27,3
15725,27,3
15730,27,2
15731,27,1
15733,27,1
15734,27,1
15735,27,4
15738,27,2
15739,27,5
15741,27,7
15745,27,3
15746,27,4
15747,27,2
15750,27,7
15753,27,3
15754,27,6
15755,27,3
15765,27,4
15767,27,6
15769,27,2
15770,27,2
15771,27,1
15774,27,7
15778,27,4
15781,27,3
15782,27,3
15783,27,5
15784,27,3
15785,27,6
15786,27,8
15787,27,7
15788,27,2
15792,27,2
15794,27,2
15799,27,2
15802,27,4
15804,27,1
15806,27,4
15807,27,3
15810,27,4
15811,27,4
15812,27,3
15815,27,4
15816,27,3
15817,27,4
15818,27,2
15823,27,5
15824,28,3
15825,28,2
15827,28,2
15830,28,1
15832,28,3
15836,28,1
15837,28,3
15839,28,5
15841,28,5
15845,28,3
15847,28,5
15850,28,6
15858,28,4
15859,28,1
15861,28,1
15864,28,2
15869,28,4
15873,28,1
15874,28,2
15875,28,2
15881,28,2
15882,28,3
15885,28,3
15886,28,2
15889,28,1
15891,28,6
15892,28,3
15893,28,2
15897,28,1
15899,28,1
15901,28,1
15903,28,4
15905,28,6
15906,28,1
15907,28,3
15908,28,2
15909,28,5
15911,28,4
15913,28,2
15915,28,6
15916,28,2
15924,28,2
15926,28,1
15928,28,5
15930,28,2
15931,28,1
15932,28,1
15933,28,1
15934,28,2
15936,28,3
15937,28,3
15943,28,1
15944,28,3
15948,28,6
15950,28,7
15951,28,2
15952,28,1
15957,28,1
15959,28,2
15961,28,3
15962,28,4
15963,28,2
15964,28,3
15965,28,1
15966,28,3
15968,28,3
15969,28,3
15971,28,3
15973,28,1
15974,28,4
15975,28,2
15978,28,1
15979,28,3
15982,28,4
15983,28,2
15984,28,1
15986,28,4
15988,28,3
15989,28,2
15991,28,2
15992,28,1
15994,28,1
15995,28,2
15996,28,2
15997,28,1
15998,28,4
15999,28,1
16001,28,5
16002,28,3
16005,28,2
16007,28,2
16009,28,3
16010,28,2
16012,28,2
16014,28,2
16016,28,2
16020,28,1
16022,28,3
16025,28,4
16026,28,2
16028,28,3
16030,28,4
16032,28,2
16035,28,2
16037,28,3
16039,28,1
16041,28,2
16042,28,4
16043,28,3
16044,28,2
16045,28,1
16048,28,1
16049,28,2
16051,28,4
16052,28,1
16053,28,5
16054,28,2
16055,28,2
16059,28,4
16060,28,2
16062,28,1
16063,28,2
16064,28,3
16065,28,6
16068,28,2
16069,28,1
16070,28,1
16071,28,3
16074,28,4
16076,28,2
16077,28,3
16080,28,5
16082,28,2
16083,28,2
16085,28,2
16087,28,2
16088,28,6
16089,28,4
16092,28,2
16093,28,3
16094,28,1
16095,28,2
16102,28,2
16103,28,2
16104,28,3
16106,28,3
16110,28,4
16113,28,2
16118,28,3
16119,28,2
16120,28,1
16122,28,4
16125,28,2
16127,28,1
16128,28,3
16132,28,3
16133,28,5
16136,28,3
16137,28,5
16138,28,2
16140,28,6
16143,28,6
16145,28,3
16146,28,3
16147,28,5
16153,28,6
16157,28,2
16159,28,6
16160,28,1
16165,28,2
16167,28,5
16168,28,3
16169,28,3
16171,28,1
16172,28,4
16174,28,2
16176,28,2
16177,28,2
16178,28,4
16180,28,2
16182,28,2
16183,28,2
16185,28,1
16186,28,4
16187,28,3
16189,28,2
16191,28,2
16194,28,1
16195,28,4
16197,28,3
16200,28,6
16202,28,4
16203,28,3
16204,28,2
16205,28,3
16206,28,6
16210,28,3
16212,28,4
16213,28,4
16216,28,3
16218,28,3
16219,28,4
16220,28,5
16222,28,2
16226,28,2
16228,28,2
16230,28,3
16233,28,4
16236,28,3
16240,28,5
16241,28,4
16242,28,2
16244,28,5
16247,28,3
16250,28,1
16253,29,5
16254,29,2
16255,29,3
16259,29,1
16261,29,1
16262,29,1
16264,29,5
16265,29,1
16268,29,2
16273,29,4
16274,29,6
16276,29,1
16277,29,3
16279,29,3
16282,29,1
16289,29,1
16291,29,4
16292,29,1
16293,29,4
16295,29,2
16300,29,3
16301,29,1
16302,29,1
16303,29,3
16304,29,4
16306,29,4
16310,29,5
16312,29,2
16314,29,4
16317,29,2
16318,29,1
16319,29,2
16323,29,2
16325,29,2
16330,29,3
16331,29,4
16332,29,1
16333,29,1
16334,29,1
16335,29,4
16336,29,3
16337,29,4
16339,29,2
16340,29,1
16346,29,5
16347,29,3
16348,29,2
16349,29,1
16352,29,1
16353,29,1
16356,29,1
16361,29,4
16362,29,3
16364,29,3
16368,29,2
16369,29,2
16371,29,4
16373,29,1
16374,29,2
16377,29,2
16378,29,1
16381,29,2
16383,29,1
16384,29,3
16388,29,3
16389,29,2
16390,29,6
16392,29,1
16396,29,3
16397,29,2
16398,29,2
16401,29,3
16403,29,3
16404,29,5
16405,29,4
16406,29,2
16407,29,1
16408,29,4
16409,29,1
16414,29,5
16418,29,2
16420,29,1
16421,29,1
16424,29,3
16428,29,2
16429,29,2
16430,29,2
16431,29,1
16433,29,2
16435,29,2
16436,29,3
16440,29,2
16444,29,2
16445,29,5
16446,29,2
16447,29,4
16448,29,4
16452,29,5
16453,29,2
16454,29,2
16455,29,2
16457,29,1
16459,29,2
16460,29,5
16461,29,2
16462,29,2
16467,29,5
16471,29,1
16472,29,2
16474,29,4
16475,29,1
16477,29,4
16478,29,3
16482,29,5
16486,29,3
16488,29,2
16490,29,2
16492,29,4
16494,29,3
16495,29,4
16496,29,1
16501,29,2
16502,29,1
16504,29,1
16505,29,2
16507,29,3
16508,29,6
16510,29,2
16512,29,2
16514,29,3
16520,29,1
16529,29,2
16530,29,5
16531,29,4
16532,29,3
16533,29,4
16535,29,2
16536,29,2
16538,29,2
16539,29,4
16541,29,2
16542,29,5
16546,29,2
16547,29,1
16551,29,3
16553,29,2
16556,29,4
16560,29,2
16561,29,6
16564,29,3
16565,29,1
16566,29,1
16567,29,1
16568,29,6
16569,29,3
16571,29,4
16572,29,2
16574,29,3
16575,29,1
16577,29,2
16578,29,2
16580,29,2
16581,29,3
16582,29,4
16583,29,2
16584,29,3
16585,29,5
16588,29,4
16589,29,2
16592,29,3
16595,29,2
16596,29,2
16598,29,2
16599,29,2
16608,29,2
16609,29,2
16613,29,2
16614,29,3
16616,29,3
16620,29,3
16623,29,1
16624,29,6
16625,29,2
16626,29,3
16628,29,2
16630,29,1
16631,29,6
16632,29,2
16633,29,6
16635,29,3
16637,29,4
16639,29,5
16645,29,2
16654,29,5
16655,29,2
16659,29,1
16660,29,4
16661,29,2
16664,29,3
16666,29,1
16667,29,1
16668,29,6
16669,29,2
16670,29,1
16671,29,2
16672,29,2
16675,29,3
16676,29,1
16677,29,5
16679,29,2
16680,29,2
16681,29,2
16682,29,3
16686,29,5
16687,29,5
16688,29,4
16690,29,2
16693,29,6
16694,29,2
16701,29,2
16702,29,2
16704,30,2
16706,30,4
16708,30,3
16709,30,2
16711,30,1
16712,30,3
16713,30,2
16715,30,1
16717,30,3
16720,30,4
16721,30,2
16722,30,1
16725,30,1
16726,30,2
16727,30,1
16728,30,2
16730,30,5
16732,30,1
16734,30,4
16735,30,2
16736,30,1
16738,30,1
16740,30,4
16743,30,1
16745,30,1
16746,30,2
16749,30,1
16751,30,4
16752,30,1
16758,30,5
16761,30,1
16763,30,5
16764,30,1
16765,30,1
16766,30,3
16768,30,2
16774,30,1
16776,30,4
16777,30,3
16778,30,5
16782,30,3
16783,30,3
16786,30,1
16787,30,3
16791,30,3
16792,30,1
16794,30,1
16795,30,3
16796,30,4
16800,30,3
16801,30,3
16802,30,1
16803,30,4
16805,30,1
16807,30,5
16809,30,3
16810,30,4
16812,30,2
16815,30,1
16817,30,5
16818,30,1
16820,30,2
16821,30,1
16822,30,5
16823,30,4
16825,30,1
16826,30,3
16827,30,2
16828,30,1
16829,30,3
16831,30,4
16832,30,3
16836,30,1
16840,30,3
16841,30,4
16843,30,2
16844,30,4
16846,30,2
16851,30,3
16852,30,4
16854,30,2
16858,30,5
16863,30,2
16864,30,1
16865,30,2
16867,30,1
16868,30,1
16872,30,1
16875,30,2
16882,30,3
16884,30,2
16885,30,2
16887,30,2
16892,30,2
16894,30,2
16896,30,4
16897,30,2
16899,30,2
16900,30,1
16901,30,3
16902,30,1
16903,30,5
16905,30,5
16908,30,3
16912,30,5
16915,30,4
16916,30,3
16918,30,3
16920,30,4
16922,30,3
16923,30,3
16924,30,2
16926,30,4
16927,30,2
16931,30,1
16933,30,1
16935,30,2
16937,30,3
16938,30,2
16939,30,3
16940,30,2
16941,30,4
16943,30,2
16944,30,3
16948,30,2
16949,30,5
16950,30,2
16953,30,3
16958,30,2
16960,30,1
16963,30,1
16964,30,3
16965,30,3
16968,30,5
16969,30,2
16970,30,2
16974,30,2
16975,30,3
16981,30,3
16982,30,3
16983,30,2
16984,30,2
16985,30,3
16989,30,5
16991,30,1
16992,30,2
16993,30,2
16995,30,2
16998,30,2
17000,30,1
17001,30,5
17003,30,2
17005,30,2
17008,30,2
17012,30,2
17016,30,2
17017,30,1
17018,30,2
17027,30,2
17030,30,2
17034,30,2
17035,30,4
17036,30,2
17038,30,4
17039,30,1
17040,30,5
17041,30,2
17042,30,2
17043,30,4
17044,30,2
17049,30,3
17050,30,3
17051,30,2
17052,30,1
17054,30,2
17057,30,3
17060,30,1
17061,30,3
17064,30,2
17068,30,3
17070,30,4
17072,30,3
17074,30,2
17077,30,4
17078,30,2
17079,30,2
17081,30,2
17082,30,4
17083,30,3
17084,30,2
17086,30,3
17088,30,2
17089,30,5
17091,30,5
17093,30,1
17094,30,5
17097,30,5
17098,30,1
17100,30,3
17101,30,2
17102,30,3
17103,30,5
17108,30,1
17109,30,1
17111,30,3
17112,30,2
17113,30,5
17114,30,2
17115,30,3
17118,30,2
17120,30,1
17121,30,1
17122,30,4
17123,30,3
17126,30,4
17127,30,4
17129,30,2
17137,30,4
17138,30,2
17142,30,4
17145,30,2
17146,30,2
17150,30,2
17151,30,2
17152,30,2
17159,30,1
17160,30,5
17162,30,5
17165,30,3
17166,30,5
17167,30,1
17168,30,2
17169,30,4
17171,30,3
17172,30,1
17176,30,1
17177,30,5
17179,30,3
17180,31,2
17182,31,1
17184,31,5
17187,31,4
17188,31,2
17190,31,2
17192,31,3
17193,31,2
17195,31,1
17196,31,1
17198,31,3
17199,31,1
17209,31,1
17212,31,1
17215,31,3
17217,31,1
17220,31,1
17223,31,1
17227,31,1
17228,31,4
17229,31,3
17231,31,1
17232,31,1
17236,31,3
17237,31,1
17238,31,3
17240,31,2
17241,31,4
17243,31,1
17244,31,2
17246,31,1
17249,31,4
17250,31,3
17252,31,1
17256,31,1
17258,31,1
17260,31,2
17261,31,4
17262,31,4
17263,31,2
17265,31,1
17266,31,1
17268,31,1
17269,31,1
17270,31,3
17271,31,2
17272,31,2
17273,31,2
17274,31,3
17276,31,4
17277,31,4
17281,31,3
17284,31,1
17286,31,1
17289,31,1
17290,31,3
17293,31,1
17295,31,4
17298,31,2
17299,31,3
17301,31,2
17302,31,1
17303,31,1
17304,31,1
17307,31,2
17310,31,4
17313,31,2
17314,31,2
17315,31,4
17316,31,2
17319,31,1
17321,31,1
17323,31,4
17326,31,2
17329,31,1
17330,31,3
17332,31,1
17333,31,1
17334,31,1
17337,31,2
17338,31,2
17343,31,2
17346,31,3
17355,31,2
17357,31,2
17363,31,3
17368,31,2
17371,31,4
17372,31,4
17373,31,2
17374,31,2
17375,31,4
17376,31,3
17377,31,2
17378,31,2
17383,31,3
17389,31,1
17390,31,3
17392,31,3
17393,31,1
17398,31,2
17399,31,2
17401,31,3
17404,31,3
17406,31,2
17407,31,4
17409,31,3
17410,31,3
17411,31,2
17413,31,3
17414,31,2
17416,31,3
17417,31,3
17419,31,2
17420,31,1
17421,31,2
17423,31,3
17424,31,2
17425,31,3
17426,31,2
17428,31,3
17429,31,2
17431,31,2
17432,31,2
17433,31,2
17435,31,2
17440,31,3
17445,31,2
17447,31,2
17449,31,2
17452,31,2
17453,31,2
17454,31,4
17457,31,2
17459,31,2
17460,31,2
17463,31,2
17464,31,4
17470,31,4
17471,31,3
17475,31,1
17476,31,2
17478,31,4
17479,31,1
17480,31,2
17481,31,2
17482,31,4
17485,31,2
17489,31,3
17490,31,4
17491,31,3
17493,31,4
17494,31,4
17496,31,3
17497,31,3
17499,31,2
17502,31,2
17505,31,2
17506,31,2
17507,31,2
17508,31,2
17510,31,4
17512,31,1
17514,31,2
17516,31,4
17520,31,1
17526,31,3
17531,31,4
17532,31,1
17534,31,2
17540,31,3
17544,31,2
17545,31,4
17549,31,1
17550,31,4
17551,31,3
17552,31,1
17557,31,1
17561,31,2
17562,31,3
17566,31,4
17568,31,3
17569,31,4
17570,31,3
17571,31,4
17573,31,1
17575,31,4
17577,31,4
17579,31,1
17580,31,3
17581,31,2
17584,31,1
17585,31,3
17589,32,2
17593,32,2
17594,32,3
17601,32,1
17602,32,1
17603,32,1
17606,32,2
17608,32,2
17612,32,1
17614,32,1
17617,32,3
17620,32,2
17622,32,1
17625,32,3
17626,32,1
17628,32,3
17631,32,2
17633,32,1
17634,32,2
17636,32,1
17643,32,1
17644,32,1
17647,32,2
17648,32,4
17650,32,2
17651,32,3
17653,32,1
17660,32,1
17662,32,2
17663,32,2
17664,32,3
17665,32,2
17668,32,3
17669,32,1
17671,32,1
17672,32,3
17673,32,2
17674,32,1
17675,32,1
17676,32,1
17678,32,1
17681,32,1
17682,32,1
17683,32,2
17684,32,1
17685,32,1
17686,32,1
17693,32,2
17694,32,1
17695,32,2
17696,32,2
17698,32,2
17699,32,2
17703,32,2
17704,32,2
17705,32,2
17710,32,3
17711,32,1
17712,32,1
17713,32,2
17717,32,1
17719,32,2
17720,32,1
17723,32,3
17724,32,2
17726,32,2
17728,32,2
17729,32,1
17731,32,1
17739,32,2
17741,32,2
17744,32,2
17746,32,3
17747,32,2
17750,32,2
17751,32,1
17754,32,3
17759,32,3
17760,32,2
17763,32,3
17768,32,1
17769,32,3
17772,32,3
17773,32,1
17774,32,4
17776,32,2
17778,32,2
17780,32,3
17781,32,1
17783,32,1
17786,32,3
17787,32,3
17788,32,2
17789,32,2
17790,32,3
17791,32,1
17792,32,2
17793,32,2
17794,32,2
17796,32,2
17798,32,2
17799,32,3
17800,32,2
17801,32,1
17802,32,1
17804,32,1
17806,32,3
17807,32,2
17808,32,1
17809,32,2
17812,32,3
17813,32,3
17814,32,2
17815,32,2
17817,32,3
17818,32,1
17819,32,1
17822,32,3
17823,32,3
17824,32,1
17826,32,1
17828,32,3
17830,32,1
17833,32,2
17834,32,3
17838,32,3
17839,32,1
17841,32,1
17842,32,1
17843,32,3
17848,32,4
17849,32,2
17850,32,3
17852,32,3
17853,32,3
17854,32,2
17855,32,2
17860,32,2
17861,32,1
17864,32,3
17865,32,1
17866,32,2
17868,32,1
17869,32,2
17871,32,3
17872,32,2
17876,32,2
17877,32,2
17879,32,1
17881,32,2
17882,32,3
17884,32,3
17885,32,3
17893,32,1
17894,32,1
17896,32,3
17899,32,2
17900,32,2
17901,32,2
17902,32,1
17905,32,3
17906,32,2
17908,32,3
17909,32,3
17912,32,2
17916,32,2
17920,32,3
17921,32,3
17922,32,2
17923,32,2
17927,32,3
17929,32,1
17931,32,3
17933,32,2
17934,32,3
17937,32,3
17938,32,3
17939,32,2
17945,32,2
17946,32,2
17948,32,2
17949,32,1
17950,32,2
17953,32,3
17955,32,3
17958,32,1
17960,32,2
17961,32,2
17962,32,2
17964,32,2
17968,32,2
17970,32,3
17971,32,4
17972,32,3
17973,32,2
17975,32,2
17978,32,2
17979,32,1
17985,32,2
17987,32,2
17989,32,2
17990,32,2
17992,32,3
17994,32,3
17995,32,2
17996,32,2
17997,32,2
17998,32,2
17999,32,3
18001,32,3
18002,32,2
18003,32,3
18004,32,4
18005,32,2
18009,32,3
18010,32,3
18011,32,1
18013,32,3
18017,32,2
18020,32,2
18021,32,2
18022,32,2
18023,32,2
18025,32,3
18026,32,2
18027,32,3
18028,32,3
18029,32,2
18030,32,3
18031,32,1
18032,32,2
18034,32,1
18038,32,2
18039,32,2
18041,32,2
18042,32,3
18043,32,3
18045,32,1
18047,32,3
18048,32,4
18052,32,1
18055,32,3
18058,32,2
18059,32,3
18061,32,2
18062,33,2
18064,33,2
18065,33,3
18066,33,2
18067,33,2
18068,33,1
18069,33,2
18070,33,1
18072,33,1
18076,33,1
18078,33,1
18081,33,1
18082,33,1
18084,33,2
18087,33,2
18088,33,2
18089,33,2
18090,33,2
18091,33,1
18093,33,2
18094,33,2
18097,33,2
18098,33,2
18100,33,1
18101,33,1
18103,33,3
18104,33,2
18106,33,2
18108,33,2
18110,33,2
18113,33,2
18114,33,1
18116,33,1
18118,33,1
18119,33,1
18122,33,1
18123,33,1
18125,33,2
18127,33,2
18128,33,2
18130,33,1
18131,33,2
18132,33,1
18133,33,1
18135,33,2
18137,33,2
18141,33,1
18142,33,2
18144,33,2
18146,33,2
18148,33,2
18151,33,1
18152,33,1
18155,33,2
18158,33,1
18160,33,1
18162,33,1
18163,33,2
18164,33,2
18169,33,2
18170,33,2
18173,33,3
18174,33,1
18176,33,1
18177,33,2
18179,33,1
18181,33,2
18182,33,1
18184,33,1
18185,33,2
18186,33,2
18187,33,2
18192,33,2
18193,33,2
18194,33,1
18197,33,2
18198,33,1
18201,33,2
18203,33,1
18204,33,2
18205,33,1
18208,33,2
18210,33,2
18211,33,1
18212,33,2
18213,33,1
18217,33,1
18218,33,1
18220,33,2
18225,33,1
18226,33,1
18227,33,2
18228,33,2
18231,33,1
18232,33,1
18235,33,2
18236,33,2
18237,33,1
18241,33,1
18242,33,1
18243,33,2
18246,33,1
18249,33,2
18253,33,1
18256,33,2
18257,33,3
18258,33,2
18260,33,1
18263,33,2
18264,33,3
18265,33,2
18267,33,2
18268,33,2
18270,33,1
18271,33,2
18272,33,2
18274,33,2
18275,33,2
18277,33,2
18278,33,2
18283,33,1
18286,33,2
18287,33,2
18288,33,1
18290,33,2
18291,33,1
18295,33,2
18296,33,2
18298,33,2
18299,33,2
18300,33,2
18302,33,2
18306,33,1
18309,33,2
18311,33,2
18312,33,2
18313,33,1
18316,33,2
18317,33,2
18319,33,1
18320,33,1
18321,33,2
18325,33,2
18326,33,2
18327,33,2
18328,33,2
18329,33,2
18330,33,2
18331,33,1
18333,33,2
18334,33,1
18335,33,2
18337,33,2
18341,33,2
18344,33,2
18345,33,1
18347,33,2
18348,33,2
18350,33,2
18352,33,2
18353,33,2
18355,33,2
18356,33,2
18357,33,1
18358,33,2
18359,33,2
18360,33,1
18361,33,2
18362,33,2
18367,33,2
18368,33,1
18369,33,2
18374,33,2
18379,33,2
18380,33,2
18382,33,2
18383,33,2
18384,33,1
18385,33,2
18386,33,2
18387,33,2
18388,33,2
18389,33,2
18390,33,3
18391,33,2
18393,33,2
18394,33,2
18395,33,1
18397,33,2
18398,33,2
18400,33,2
18401,33,1
18402,33,2
18404,33,2
18405,33,2
18410,33,2
18411,33,2
18412,33,2
18416,33,2
18417,33,2
18420,33,2
18421,33,2
18423,33,2
18424,33,2
18425,33,2
18428,33,2
18430,33,1
18433,33,2
18434,33,2
18438,33,2
18439,33,2
18440,33,2
18441,33,2
18445,33,2
18449,33,2
18450,33,2
18451,33,2
18452,33,2
18454,33,2
18455,33,2
18456,33,2
18459,33,2
18460,33,1
18462,33,2
18464,33,1
18465,33,1
18466,33,2
18467,33,2
18469,33,2
18470,33,2
18471,33,2
18473,33,2
18474,33,2
18475,33,1
18476,33,2
18478,33,2
18480,33,1
18484,33,2
18486,33,2
18487,33,2
18488,33,1
18493,33,2
18496,33,2
18497,33,2
18498,33,2
18500,33,2
18501,33,2
18505,33,2
18507,33,2
18509,33,2
18510,33,2
18512,33,2
18517,33,2
18520,33,2
18522,33,2
18525,33,2
18526,33,3
18528,33,2
18529,33,1
18531,33,2
18533,33,2
18536,34,1
18538,34,1
18539,34,1
18540,34,1
18541,34,1
18542,34,1
18544,34,1
18546,34,1
18547,34,1
18550,34,1
18551,34,1
18553,34,1
18554,34,1
18558,34,1
18561,34,1
18562,34,1
18564,34,1
18565,34,1
18568,34,1
18569,34,1
18571,34,1
18574,34,1
18576,34,1
18579,34,1
18580,34,1
18581,34,1
18584,34,1
18586,34,1
18587,34,1
18588,34,1
18590,34,1
18593,34,1
18595,34,1
18596,34,1
18597,34,1
18598,34,1
18599,34,1
18601,34,1
18602,34,1
18603,34,1
18605,34,1
18607,34,1
18608,34,1
18609,34,1
18610,34,1
18611,34,1
18612,34,1
18614,34,1
18616,34,1
18617,34,1
18618,34,1
18627,34,1
18628,34,2
18629,34,1
18632,34,1
18633,34,1
18634,34,1
18635,34,1
18637,34,1
18639,34,1
18641,34,1
18642,34,1
18645,34,1
18647,34,1
18649,34,1
18650,34,1
18652,34,1
18653,34,2
18654,34,1
18656,34,1
18658,34,1
18659,34,1
18661,34,1
18663,34,1
18667,34,1
18671,34,1
18672,34,1
18678,34,1
18679,34,1
18682,34,1
18685,34,1
18687,34,1
18688,34,1
18689,34,1
18691,34,1
18694,34,1
18696,34,1
18699,34,1
18700,34,1
18701,34,1
18703,34,1
18705,34,1
18708,34,1
18709,34,1
18711,34,1
18712,34,1
18714,34,1
18715,34,1
18716,34,1
18718,34,1
18719,34,1
18721,34,2
18724,34,1
18725,34,1
18731,34,2
18732,34,2
18733,34,2
18739,34,1
18741,34,2
18743,34,2
18744,34,2
18745,34,2
18746,34,2
18747,34,2
18751,34,2
18752,34,1
18753,34,1
18754,34,2
18758,34,2
18761,34,2
18762,34,2
18763,34,2
18764,34,2
18766,34,2
18767,34,1
18768,34,2
18769,34,2
18770,34,2
18773,34,2
18774,34,2
18778,34,1
18779,34,2
18781,34,2
18782,34,2
18785,34,1
18787,34,2
18788,34,2
18789,34,2
18792,34,2
18793,34,1
18794,34,1
18795,34,2
18797,34,2
18804,34,2
18805,34,2
18806,34,2
18809,34,2
18811,34,1
18812,34,1
18813,34,2
18814,34,2
18815,34,2
18816,34,1
18817,34,1
18822,34,1
18823,34,1
18824,34,1
18825,34,1
18826,34,1
18827,34,1
18829,34,1
18830,34,1
18831,34,1
18835,34,1
18837,34,1
18838,34,1
18840,34,1
18843,34,1
18844,34,1
18845,34,1
18849,34,1
18853,34,1
18855,34,1
18859,34,1
18860,34,1
18861,34,1
18864,34,2
18866,34,1
18868,34,1
18869,34,1
18872,34,1
18873,34,1
18876,34,1
18878,34,1
18880,34,1
18881,34,1
18883,34,1
18884,34,1
18885,34,2
18886,34,1
18887,34,1
18888,34,1
18889,34,1
18892,34,1
18894,34,1
18895,34,1
18896,34,1
18898,34,1
18902,34,1
18903,34,1
18904,34,1
18908,34,1
18912,34,1
18913,34,1
18915,34,1
18917,34,1
18920,34,1
18923,34,1
18926,34,1
18927,34,1
18931,34,1
18933,34,1
18934,34,1
18935,34,1
18938,34,1
18939,34,1
18940,34,1
18941,34,1
18942,34,1
18943,34,1
18945,34,1
18948,34,1
18952,34,1
18953,34,1
18954,34,1
18955,34,1
18957,34,1
18965,34,1
18966,34,1
18969,34,1
18970,34,1
18971,34,1
18972,34,1
18973,34,1
18977,34,1
18979,34,1
18980,34,1
18982,34,1
18983,34,1
18984,34,1
18987,34,1
18988,34,1
18989,34,1
18991,34,1
18993,34,1
18998,34,1
19001,34,1
19008,34,1
19010,34,1
19011,34,1
19014,34,1
19015,34,1
19018,34,1
19019,34,1
19021,34,1
19023,34,1
19025,34,1
19030,34,1
19032,34,1
19037,35,1
19039,35,1
19040,35,1
19042,35,1
19043,35,1
19044,35,1
19045,35,1
19047,35,1
19048,35,1
19049,35,1
19050,35,1
19053,35,1
19055,35,1
19056,35,1
19059,35,1
19060,35,1
19061,35,1
19063,35,1
