user_id,created_at,company,language,activated_at,state
0,"01-01-2013 20:59",5737,english,"01-01-2013 21:01","active"
3,"01-01-2013 18:40",2800,german,"01-01-2013 18:42","active"
4,"01-01-2013 14:37",5110,indian,"01-01-2013 14:39","active"
6,"01-01-2013 18:37",11699,english,"01-01-2013 18:38","active"
7,"01-01-2013 16:19",4765,french,"01-01-2013 16:20","active"
8,"01-01-2013 04:38",2698,french,"01-01-2013 04:40","active"
11,"01-01-2013 08:07",3745,english,"01-01-2013 08:09","active"
13,"02-01-2013 12:27",4025,english,"02-01-2013 12:29","active"
15,"02-01-2013 15:39",4259,english,"02-01-2013 15:41","active"
17,"02-01-2013 10:56",5025,japanese,"02-01-2013 10:57","active"
19,"02-01-2013 09:54",326,english,"02-01-2013 09:55","active"
20,"02-01-2013 09:41",7,italian,"02-01-2013 09:43","active"
21,"02-01-2013 09:29",2606,english,"02-01-2013 09:30","active"
22,"02-01-2013 17:36",545,german,"02-01-2013 17:38","active"
27,"03-01-2013 16:14",6,japanese,"03-01-2013 16:15","active"
30,"03-01-2013 08:28",4148,english,"03-01-2013 08:29","active"
31,"03-01-2013 15:45",39,arabic,"03-01-2013 15:46","active"
33,"03-01-2013 12:16",10768,english,"03-01-2013 12:18","active"
35,"03-01-2013 16:06",1891,english,"03-01-2013 16:07","active"
36,"03-01-2013 11:51",2,english,"03-01-2013 11:53","active"
47,"04-01-2013 10:39",1,indian,"04-01-2013 10:41","active"
49,"05-01-2013 14:33",8727,spanish,"05-01-2013 14:34","active"
50,"05-01-2013 17:41",12526,spanish,"05-01-2013 17:43","active"
52,"06-01-2013 13:35",6,english,"06-01-2013 13:37","active"
54,"06-01-2013 02:52",2,english,"06-01-2013 02:54","active"
55,"06-01-2013 14:35",2233,german,"06-01-2013 14:37","active"
59,"07-01-2013 20:47",2296,chinese,"07-01-2013 20:49","active"
64,"07-01-2013 09:56",9229,english,"07-01-2013 09:57","active"
66,"07-01-2013 15:37",7927,french,"07-01-2013 15:39","active"
67,"07-01-2013 13:46",10818,english,"07-01-2013 13:47","active"
78,"08-01-2013 12:58",1,english,"08-01-2013 13:00","active"
80,"08-01-2013 06:19",925,spanish,"08-01-2013 06:20","active"
83,"09-01-2013 16:40",2343,english,"09-01-2013 16:42","active"
84,"09-01-2013 17:14",9501,english,"09-01-2013 17:16","active"
86,"09-01-2013 13:24",1,indian,"09-01-2013 13:25","active"
87,"09-01-2013 09:54",95,english,"09-01-2013 09:56","active"
90,"09-01-2013 12:27",789,english,"09-01-2013 12:29","active"
92,"09-01-2013 10:45",1,english,"09-01-2013 10:46","active"
97,"10-01-2013 12:32",7578,french,"10-01-2013 12:33","active"
98,"10-01-2013 10:23",9136,portugese,"10-01-2013 10:25","active"
99,"10-01-2013 11:00",7,english,"10-01-2013 11:02","active"
101,"10-01-2013 13:05",5343,french,"10-01-2013 13:07","active"
103,"10-01-2013 13:05",44,portugese,"10-01-2013 13:06","active"
104,"10-01-2013 17:23",4936,english,"10-01-2013 17:25","active"
105,"11-01-2013 13:25",12000,english,"11-01-2013 13:26","active"
106,"11-01-2013 23:23",12473,italian,"11-01-2013 23:25","active"
107,"11-01-2013 12:28",12411,english,"11-01-2013 12:30","active"
108,"11-01-2013 16:36",8,japanese,"11-01-2013 16:37","active"
111,"11-01-2013 16:17",2,arabic,"11-01-2013 16:18","active"
113,"11-01-2013 10:52",457,german,"11-01-2013 10:54","active"
117,"12-01-2013 16:17",8636,japanese,"12-01-2013 16:19","active"
118,"12-01-2013 15:29",1,english,"12-01-2013 15:31","active"
119,"12-01-2013 15:47",5,english,"12-01-2013 15:48","active"
120,"13-01-2013 16:00",376,japanese,"13-01-2013 16:02","active"
121,"13-01-2013 15:04",9770,chinese,"13-01-2013 15:05","active"
123,"14-01-2013 15:12",219,spanish,"14-01-2013 15:14","active"
124,"14-01-2013 20:22",9039,german,"14-01-2013 20:24","active"
128,"14-01-2013 18:39",2470,russian,"14-01-2013 18:40","active"
129,"14-01-2013 10:08",6,spanish,"14-01-2013 10:10","active"
130,"14-01-2013 10:04",2,german,"14-01-2013 10:05","active"
132,"14-01-2013 09:09",23,portugese,"14-01-2013 09:10","active"
133,"14-01-2013 00:17",101,french,"14-01-2013 00:19","active"
134,"14-01-2013 09:34",1914,japanese,"14-01-2013 09:36","active"
136,"15-01-2013 14:33",11080,spanish,"15-01-2013 14:35","active"
137,"15-01-2013 08:50",2837,english,"15-01-2013 08:51","active"
138,"15-01-2013 23:36",2541,indian,"15-01-2013 23:37","active"
139,"15-01-2013 16:16",467,japanese,"15-01-2013 16:17","active"
140,"15-01-2013 13:01",11088,japanese,"15-01-2013 13:03","active"
142,"15-01-2013 11:16",2861,english,"15-01-2013 11:18","active"
143,"15-01-2013 00:14",2,indian,"15-01-2013 00:16","active"
144,"15-01-2013 17:07",36,english,"15-01-2013 17:09","active"
145,"15-01-2013 09:53",1118,english,"15-01-2013 09:54","active"
149,"15-01-2013 14:16",2872,english,"15-01-2013 14:18","active"
150,"15-01-2013 11:24",908,english,"15-01-2013 11:26","active"
151,"16-01-2013 14:40",511,english,"16-01-2013 14:41","active"
153,"16-01-2013 17:59",1256,english,"16-01-2013 18:01","active"
154,"16-01-2013 12:29",5385,english,"16-01-2013 12:30","active"
155,"16-01-2013 14:40",2889,english,"16-01-2013 14:41","active"
156,"16-01-2013 18:49",1210,english,"16-01-2013 18:51","active"
159,"16-01-2013 11:58",5849,english,"16-01-2013 11:59","active"
163,"16-01-2013 11:35",1092,arabic,"16-01-2013 11:36","active"
165,"17-01-2013 07:12",6230,spanish,"17-01-2013 07:14","active"
166,"17-01-2013 17:23",12205,english,"17-01-2013 17:25","active"
167,"17-01-2013 07:00",1214,english,"17-01-2013 07:01","active"
170,"17-01-2013 09:14",11,english,"17-01-2013 09:15","active"
171,"17-01-2013 17:54",13001,korean,"17-01-2013 17:56","active"
172,"17-01-2013 05:13",4196,chinese,"17-01-2013 05:14","active"
173,"17-01-2013 17:25",11339,french,"17-01-2013 17:26","active"
175,"17-01-2013 12:04",3717,french,"17-01-2013 12:05","active"
177,"17-01-2013 07:11",11952,italian,"17-01-2013 07:13","active"
178,"18-01-2013 17:51",2730,spanish,"18-01-2013 17:52","active"
179,"18-01-2013 08:24",2976,portugese,"18-01-2013 08:25","active"
181,"18-01-2013 13:06",2882,spanish,"18-01-2013 13:08","active"
182,"18-01-2013 01:04",2596,indian,"18-01-2013 01:05","active"
184,"18-01-2013 17:08",6426,french,"18-01-2013 17:09","active"
185,"18-01-2013 18:59",3109,english,"18-01-2013 19:00","active"
186,"18-01-2013 16:10",753,chinese,"18-01-2013 16:11","active"
188,"18-01-2013 11:16",130,japanese,"18-01-2013 11:18","active"
190,"18-01-2013 09:03",12823,english,"18-01-2013 09:04","active"
191,"18-01-2013 02:54",10553,english,"18-01-2013 02:55","active"
194,"19-01-2013 18:48",36,english,"19-01-2013 18:50","active"
196,"20-01-2013 17:47",1346,japanese,"20-01-2013 17:49","active"
201,"21-01-2013 09:34",8624,english,"21-01-2013 09:35","active"
203,"21-01-2013 09:36",11741,japanese,"21-01-2013 09:38","active"
206,"21-01-2013 18:56",5730,english,"21-01-2013 18:58","active"
208,"21-01-2013 11:54",7314,french,"21-01-2013 11:56","active"
209,"21-01-2013 17:07",14,english,"21-01-2013 17:08","active"
211,"21-01-2013 14:51",748,spanish,"21-01-2013 14:52","active"
212,"21-01-2013 19:49",4582,indian,"21-01-2013 19:51","active"
214,"22-01-2013 10:38",44,russian,"22-01-2013 10:40","active"
215,"22-01-2013 02:11",36,english,"22-01-2013 02:13","active"
217,"22-01-2013 12:09",4001,english,"22-01-2013 12:10","active"
220,"22-01-2013 11:23",7,english,"22-01-2013 11:24","active"
221,"22-01-2013 22:09",2234,chinese,"22-01-2013 22:11","active"
226,"23-01-2013 11:35",6489,english,"23-01-2013 11:37","active"
227,"23-01-2013 12:17",6,english,"23-01-2013 12:19","active"
228,"23-01-2013 20:10",5155,english,"23-01-2013 20:11","active"
230,"23-01-2013 11:16",5386,french,"23-01-2013 11:17","active"
232,"23-01-2013 06:51",9781,spanish,"23-01-2013 06:53","active"
235,"23-01-2013 15:10",893,indian,"23-01-2013 15:11","active"
239,"23-01-2013 15:06",9059,japanese,"23-01-2013 15:08","active"
243,"24-01-2013 12:53",4181,spanish,"24-01-2013 12:54","active"
244,"24-01-2013 15:09",4199,english,"24-01-2013 15:11","active"
246,"24-01-2013 11:25",5,german,"24-01-2013 11:26","active"
247,"24-01-2013 15:19",3977,chinese,"24-01-2013 15:20","active"
253,"24-01-2013 22:21",11615,english,"24-01-2013 22:22","active"
254,"25-01-2013 13:43",3715,arabic,"25-01-2013 13:44","active"
259,"25-01-2013 13:17",5165,english,"25-01-2013 13:18","active"
260,"25-01-2013 02:58",609,chinese,"25-01-2013 02:59","active"
261,"25-01-2013 19:32",1103,english,"25-01-2013 19:34","active"
262,"25-01-2013 11:18",284,italian,"25-01-2013 11:20","active"
264,"25-01-2013 11:02",56,japanese,"25-01-2013 11:03","active"
266,"25-01-2013 15:09",8842,english,"25-01-2013 15:10","active"
268,"25-01-2013 10:45",193,english,"25-01-2013 10:47","active"
270,"26-01-2013 08:40",11925,french,"26-01-2013 08:42","active"
271,"26-01-2013 16:27",39,english,"26-01-2013 16:28","active"
272,"26-01-2013 13:03",10758,chinese,"26-01-2013 13:04","active"
276,"27-01-2013 13:56",2225,italian,"27-01-2013 13:58","active"
278,"28-01-2013 16:36",5,english,"28-01-2013 16:38","active"
281,"28-01-2013 10:46",175,english,"28-01-2013 10:48","active"
285,"28-01-2013 11:13",11340,german,"28-01-2013 11:14","active"
286,"28-01-2013 05:44",12299,japanese,"28-01-2013 05:45","active"
287,"28-01-2013 06:55",4590,english,"28-01-2013 06:56","active"
288,"28-01-2013 23:39",8264,russian,"28-01-2013 23:41","active"
289,"28-01-2013 00:14",150,german,"28-01-2013 00:16","active"
297,"29-01-2013 15:01",9077,indian,"29-01-2013 15:02","active"
300,"29-01-2013 19:58",624,russian,"29-01-2013 20:00","active"
301,"29-01-2013 09:18",3,arabic,"29-01-2013 09:19","active"
305,"30-01-2013 10:22",9876,indian,"30-01-2013 10:24","active"
306,"30-01-2013 10:24",6,japanese,"30-01-2013 10:26","active"
307,"30-01-2013 17:48",8,japanese,"30-01-2013 17:50","active"
309,"30-01-2013 14:39",94,portugese,"30-01-2013 14:41","active"
312,"30-01-2013 04:20",13011,english,"30-01-2013 04:21","active"
318,"30-01-2013 15:53",4801,arabic,"30-01-2013 15:54","active"
319,"31-01-2013 00:34",3,spanish,"31-01-2013 00:35","active"
321,"31-01-2013 18:04",12769,arabic,"31-01-2013 18:06","active"
322,"31-01-2013 16:48",85,portugese,"31-01-2013 16:49","active"
323,"31-01-2013 18:52",3852,english,"31-01-2013 18:54","active"
326,"31-01-2013 16:28",3431,french,"31-01-2013 16:29","active"
330,"31-01-2013 10:54",6999,japanese,"31-01-2013 10:56","active"
332,"01-02-2013 16:27",219,english,"01-02-2013 16:28","active"
335,"01-02-2013 07:47",2930,spanish,"01-02-2013 07:48","active"
338,"01-02-2013 10:17",2,spanish,"01-02-2013 10:19","active"
341,"01-02-2013 21:52",4201,english,"01-02-2013 21:54","active"
345,"02-02-2013 15:23",10442,english,"02-02-2013 15:25","active"
346,"02-02-2013 18:28",6010,english,"02-02-2013 18:30","active"
347,"02-02-2013 20:05",10,german,"02-02-2013 20:07","active"
349,"03-02-2013 23:35",7321,arabic,"03-02-2013 23:37","active"
353,"04-02-2013 10:32",4122,english,"04-02-2013 10:33","active"
355,"04-02-2013 21:35",12167,chinese,"04-02-2013 21:37","active"
359,"04-02-2013 15:58",8083,english,"04-02-2013 16:00","active"
360,"04-02-2013 19:33",10506,spanish,"04-02-2013 19:34","active"
361,"04-02-2013 13:09",1,chinese,"04-02-2013 13:11","active"
362,"04-02-2013 13:28",35,japanese,"04-02-2013 13:30","active"
363,"04-02-2013 11:56",12020,english,"04-02-2013 11:57","active"
365,"04-02-2013 03:53",10053,spanish,"04-02-2013 03:55","active"
366,"04-02-2013 13:07",6145,japanese,"04-02-2013 13:09","active"
367,"04-02-2013 12:41",5886,english,"04-02-2013 12:42","active"
369,"05-02-2013 14:28",5596,english,"05-02-2013 14:30","active"
370,"05-02-2013 14:17",6795,french,"05-02-2013 14:18","active"
372,"05-02-2013 14:39",1,english,"05-02-2013 14:41","active"
373,"05-02-2013 17:34",9190,spanish,"05-02-2013 17:35","active"
374,"05-02-2013 22:03",9830,japanese,"05-02-2013 22:04","active"
376,"05-02-2013 08:20",5884,german,"05-02-2013 08:21","active"
377,"05-02-2013 13:01",6590,english,"05-02-2013 13:02","active"
378,"05-02-2013 04:00",2376,english,"05-02-2013 04:02","active"
379,"05-02-2013 08:44",4701,french,"05-02-2013 08:45","active"
380,"05-02-2013 10:29",4487,japanese,"05-02-2013 10:30","active"
381,"05-02-2013 00:46",2,english,"05-02-2013 00:47","active"
383,"05-02-2013 23:47",155,arabic,"05-02-2013 23:48","active"
384,"06-02-2013 18:30",9,spanish,"06-02-2013 18:32","active"
385,"06-02-2013 18:11",159,english,"06-02-2013 18:13","active"
388,"06-02-2013 10:39",7654,spanish,"06-02-2013 10:40","active"
390,"06-02-2013 20:16",4697,english,"06-02-2013 20:17","active"
393,"06-02-2013 10:46",3,english,"06-02-2013 10:47","active"
397,"06-02-2013 06:51",9060,english,"06-02-2013 06:53","active"
399,"07-02-2013 15:40",13075,english,"07-02-2013 15:42","active"
402,"07-02-2013 18:16",12013,arabic,"07-02-2013 18:17","active"
403,"07-02-2013 15:14",1,russian,"07-02-2013 15:17","active"
404,"07-02-2013 14:03",3453,english,"07-02-2013 14:04","active"
405,"07-02-2013 18:25",349,arabic,"07-02-2013 18:26","active"
406,"07-02-2013 16:56",10036,english,"07-02-2013 16:57","active"
408,"07-02-2013 10:47",36,french,"07-02-2013 10:48","active"
409,"07-02-2013 12:00",1,english,"07-02-2013 12:01","active"
411,"07-02-2013 13:56",868,italian,"07-02-2013 13:58","active"
412,"07-02-2013 19:13",6078,english,"07-02-2013 19:14","active"
413,"08-02-2013 15:07",8523,english,"08-02-2013 15:09","active"
414,"08-02-2013 15:03",513,indian,"08-02-2013 15:05","active"
417,"08-02-2013 15:56",1,english,"08-02-2013 15:57","active"
420,"08-02-2013 04:14",5838,english,"08-02-2013 04:16","active"
428,"08-02-2013 19:02",2,english,"08-02-2013 19:04","active"
429,"08-02-2013 16:34",2876,english,"08-02-2013 16:36","active"
430,"08-02-2013 12:33",10,chinese,"08-02-2013 12:35","active"
432,"09-02-2013 13:01",21,english,"09-02-2013 13:03","active"
434,"09-02-2013 13:52",329,french,"09-02-2013 13:54","active"
437,"10-02-2013 09:57",8635,portugese,"10-02-2013 09:59","active"
439,"11-02-2013 08:48",2147,german,"11-02-2013 08:49","active"
441,"11-02-2013 11:33",25,english,"11-02-2013 11:35","active"
443,"11-02-2013 14:24",4822,english,"11-02-2013 14:26","active"
451,"11-02-2013 19:44",8999,german,"11-02-2013 19:46","active"
453,"12-02-2013 14:26",6781,german,"12-02-2013 14:28","active"
454,"12-02-2013 09:41",6039,french,"12-02-2013 09:42","active"
457,"12-02-2013 18:13",4485,english,"12-02-2013 18:15","active"
460,"12-02-2013 08:41",3309,english,"12-02-2013 08:42","active"
461,"12-02-2013 11:14",3,korean,"12-02-2013 11:15","active"
462,"12-02-2013 22:33",4,korean,"12-02-2013 22:34","active"
464,"12-02-2013 18:16",1111,russian,"12-02-2013 18:17","active"
466,"12-02-2013 18:53",9750,spanish,"12-02-2013 18:55","active"
467,"12-02-2013 11:16",12486,japanese,"12-02-2013 11:17","active"
469,"13-02-2013 15:01",3613,spanish,"13-02-2013 15:03","active"
470,"13-02-2013 15:01",399,english,"13-02-2013 15:03","active"
471,"13-02-2013 14:34",21,chinese,"13-02-2013 14:35","active"
474,"13-02-2013 17:15",6032,english,"13-02-2013 17:16","active"
478,"13-02-2013 13:11",4410,english,"13-02-2013 13:12","active"
479,"13-02-2013 10:41",9751,english,"13-02-2013 10:42","active"
482,"13-02-2013 15:03",13168,english,"13-02-2013 15:04","active"
484,"14-02-2013 18:47",4896,russian,"14-02-2013 18:49","active"
485,"14-02-2013 03:36",105,german,"14-02-2013 03:38","active"
487,"14-02-2013 13:35",1267,english,"14-02-2013 13:36","active"
488,"14-02-2013 13:29",3,english,"14-02-2013 13:31","active"
489,"14-02-2013 07:17",773,russian,"14-02-2013 07:19","active"
490,"14-02-2013 20:27",3562,spanish,"14-02-2013 20:29","active"
491,"14-02-2013 06:46",2,indian,"14-02-2013 06:47","active"
492,"14-02-2013 13:11",8821,english,"14-02-2013 13:13","active"
493,"14-02-2013 11:33",4294,japanese,"14-02-2013 11:34","active"
494,"14-02-2013 16:28",79,english,"14-02-2013 16:30","active"
495,"14-02-2013 16:20",2927,english,"14-02-2013 16:21","active"
497,"15-02-2013 11:32",781,italian,"15-02-2013 11:33","active"
498,"15-02-2013 17:03",12585,english,"15-02-2013 17:04","active"
501,"15-02-2013 13:14",9,english,"15-02-2013 13:15","active"
503,"15-02-2013 01:49",4563,english,"15-02-2013 01:50","active"
513,"16-02-2013 10:34",700,spanish,"16-02-2013 10:35","active"
514,"16-02-2013 21:58",8125,japanese,"16-02-2013 22:00","active"
515,"17-02-2013 10:15",2253,english,"17-02-2013 10:16","active"
516,"17-02-2013 23:01",9,english,"17-02-2013 23:03","active"
517,"17-02-2013 11:17",11239,english,"17-02-2013 11:19","active"
518,"17-02-2013 08:00",421,english,"17-02-2013 08:02","active"
521,"18-02-2013 09:52",9497,spanish,"18-02-2013 09:53","active"
523,"18-02-2013 17:26",6,arabic,"18-02-2013 17:27","active"
524,"18-02-2013 16:39",6717,arabic,"18-02-2013 16:41","active"
525,"18-02-2013 10:48",8503,english,"18-02-2013 10:49","active"
527,"18-02-2013 08:49",3540,korean,"18-02-2013 08:50","active"
529,"18-02-2013 17:41",6334,german,"18-02-2013 17:43","active"
530,"18-02-2013 13:21",8528,german,"18-02-2013 13:23","active"
535,"19-02-2013 13:19",4260,english,"19-02-2013 13:20","active"
537,"19-02-2013 14:39",13103,german,"19-02-2013 14:40","active"
538,"19-02-2013 18:28",4,spanish,"19-02-2013 18:30","active"
540,"19-02-2013 17:18",2006,english,"19-02-2013 17:19","active"
546,"19-02-2013 20:43",4776,english,"19-02-2013 20:44","active"
548,"20-02-2013 07:06",6470,arabic,"20-02-2013 07:07","active"
549,"20-02-2013 14:31",11343,portugese,"20-02-2013 14:33","active"
551,"20-02-2013 11:27",3,spanish,"20-02-2013 11:29","active"
552,"20-02-2013 17:21",9675,chinese,"20-02-2013 17:23","active"
553,"20-02-2013 08:56",4723,spanish,"20-02-2013 08:58","active"
554,"20-02-2013 14:58",5491,japanese,"20-02-2013 14:59","active"
555,"20-02-2013 09:22",5207,german,"20-02-2013 09:23","active"
556,"20-02-2013 12:58",12547,chinese,"20-02-2013 13:00","active"
563,"20-02-2013 02:05",48,english,"20-02-2013 02:07","active"
565,"21-02-2013 15:17",4287,portugese,"21-02-2013 15:18","active"
566,"21-02-2013 13:22",231,japanese,"21-02-2013 13:24","active"
567,"21-02-2013 11:47",3657,english,"21-02-2013 11:49","active"
570,"21-02-2013 11:52",1947,arabic,"21-02-2013 11:53","active"
574,"21-02-2013 15:29",19,english,"21-02-2013 15:30","active"
575,"21-02-2013 09:54",1034,spanish,"21-02-2013 09:56","active"
576,"21-02-2013 16:04",7376,japanese,"21-02-2013 16:05","active"
579,"21-02-2013 16:57",223,english,"21-02-2013 16:58","active"
581,"22-02-2013 09:30",10409,english,"22-02-2013 09:32","active"
583,"22-02-2013 15:07",8547,german,"22-02-2013 15:08","active"
586,"22-02-2013 14:51",11282,english,"22-02-2013 14:53","active"
588,"22-02-2013 11:21",10,english,"22-02-2013 11:22","active"
589,"22-02-2013 09:22",208,french,"22-02-2013 09:24","active"
591,"22-02-2013 13:28",3,italian,"22-02-2013 13:29","active"
592,"22-02-2013 15:05",59,russian,"22-02-2013 15:06","active"
596,"23-02-2013 15:22",24,english,"23-02-2013 15:23","active"
597,"23-02-2013 12:46",8974,english,"23-02-2013 12:48","active"
598,"24-02-2013 12:19",1,english,"24-02-2013 12:20","active"
602,"25-02-2013 13:30",695,english,"25-02-2013 13:31","active"
603,"25-02-2013 10:05",106,english,"25-02-2013 10:06","active"
609,"25-02-2013 07:50",8,english,"25-02-2013 07:52","active"
610,"25-02-2013 14:21",1178,indian,"25-02-2013 14:22","active"
611,"25-02-2013 09:36",449,portugese,"25-02-2013 09:38","active"
614,"25-02-2013 18:06",8715,english,"25-02-2013 18:08","active"
617,"26-02-2013 09:09",4193,english,"26-02-2013 09:11","active"
618,"26-02-2013 02:30",10895,portugese,"26-02-2013 02:32","active"
621,"26-02-2013 15:22",522,arabic,"26-02-2013 15:24","active"
622,"26-02-2013 10:25",26,english,"26-02-2013 10:26","active"
624,"26-02-2013 16:12",8698,russian,"26-02-2013 16:14","active"
629,"27-02-2013 10:20",1,chinese,"27-02-2013 10:21","active"
631,"27-02-2013 11:30",505,spanish,"27-02-2013 11:31","active"
632,"27-02-2013 21:53",9122,spanish,"27-02-2013 21:54","active"
633,"27-02-2013 15:47",3,english,"27-02-2013 15:49","active"
636,"27-02-2013 13:48",4796,english,"27-02-2013 13:49","active"
637,"27-02-2013 13:28",3,english,"27-02-2013 13:30","active"
643,"27-02-2013 14:43",71,indian,"27-02-2013 14:44","active"
644,"28-02-2013 12:44",219,chinese,"28-02-2013 12:46","active"
647,"28-02-2013 11:58",17,english,"28-02-2013 11:59","active"
651,"28-02-2013 13:03",4198,english,"28-02-2013 13:04","active"
652,"28-02-2013 09:59",12,spanish,"28-02-2013 10:00","active"
653,"28-02-2013 18:10",5434,russian,"28-02-2013 18:11","active"
655,"28-02-2013 09:01",1,english,"28-02-2013 09:02","active"
660,"01-03-2013 19:18",2351,english,"01-03-2013 19:20","active"
663,"01-03-2013 11:34",10936,german,"01-03-2013 11:36","active"
664,"01-03-2013 21:11",821,english,"01-03-2013 21:13","active"
668,"01-03-2013 17:15",19,italian,"01-03-2013 17:16","active"
670,"01-03-2013 16:58",4604,english,"01-03-2013 17:00","active"
672,"01-03-2013 16:25",1295,german,"01-03-2013 16:26","active"
673,"01-03-2013 17:27",469,english,"01-03-2013 17:28","active"
674,"01-03-2013 03:40",1778,english,"01-03-2013 03:42","active"
678,"02-03-2013 10:05",2,english,"02-03-2013 10:07","active"
684,"04-03-2013 09:13",9562,chinese,"04-03-2013 09:14","active"
688,"04-03-2013 13:31",778,english,"04-03-2013 13:33","active"
689,"04-03-2013 09:19",12775,english,"04-03-2013 09:21","active"
690,"04-03-2013 08:09",13036,english,"04-03-2013 08:11","active"
692,"04-03-2013 08:04",14,spanish,"04-03-2013 08:06","active"
695,"04-03-2013 11:18",2689,english,"04-03-2013 11:19","active"
698,"04-03-2013 10:19",12,english,"04-03-2013 10:21","active"
699,"04-03-2013 10:11",10986,italian,"04-03-2013 10:12","active"
700,"04-03-2013 05:24",104,indian,"04-03-2013 05:25","active"
702,"05-03-2013 19:41",8273,english,"05-03-2013 19:42","active"
703,"05-03-2013 10:05",340,english,"05-03-2013 10:06","active"
707,"05-03-2013 18:28",6441,english,"05-03-2013 18:29","active"
709,"05-03-2013 11:20",6423,english,"05-03-2013 11:21","active"
710,"05-03-2013 11:09",31,english,"05-03-2013 11:10","active"
712,"05-03-2013 18:21",11451,english,"05-03-2013 18:23","active"
713,"05-03-2013 17:48",2,english,"05-03-2013 17:50","active"
714,"06-03-2013 14:17",2553,english,"06-03-2013 14:19","active"
717,"06-03-2013 11:55",10199,japanese,"06-03-2013 11:57","active"
719,"06-03-2013 21:18",13,russian,"06-03-2013 21:20","active"
720,"06-03-2013 13:46",3163,english,"06-03-2013 13:47","active"
725,"06-03-2013 14:40",9,english,"06-03-2013 14:42","active"
726,"06-03-2013 09:44",8588,english,"06-03-2013 09:45","active"
727,"06-03-2013 18:09",8767,english,"06-03-2013 18:10","active"
729,"07-03-2013 14:17",7189,english,"07-03-2013 14:18","active"
730,"07-03-2013 08:52",1,english,"07-03-2013 08:53","active"
732,"07-03-2013 16:29",5,arabic,"07-03-2013 16:31","active"
733,"07-03-2013 23:12",2373,japanese,"07-03-2013 23:13","active"
735,"07-03-2013 12:24",12,english,"07-03-2013 12:25","active"
737,"07-03-2013 15:19",13,spanish,"07-03-2013 15:20","active"
741,"07-03-2013 17:31",1844,english,"07-03-2013 17:32","active"
742,"07-03-2013 12:41",1884,english,"07-03-2013 12:43","active"
743,"07-03-2013 14:25",172,indian,"07-03-2013 14:26","active"
745,"08-03-2013 23:02",1,russian,"08-03-2013 23:03","active"
746,"08-03-2013 11:01",11573,japanese,"08-03-2013 11:02","active"
747,"08-03-2013 15:25",2656,english,"08-03-2013 15:27","active"
748,"08-03-2013 11:37",7592,spanish,"08-03-2013 11:38","active"
750,"08-03-2013 18:13",602,french,"08-03-2013 18:15","active"
753,"08-03-2013 13:06",11943,japanese,"08-03-2013 13:08","active"
754,"08-03-2013 09:38",1,english,"08-03-2013 09:39","active"
756,"08-03-2013 18:33",6538,german,"08-03-2013 18:35","active"
759,"09-03-2013 13:44",11324,russian,"09-03-2013 13:46","active"
760,"09-03-2013 17:21",3050,english,"09-03-2013 17:23","active"
761,"09-03-2013 18:49",24,english,"09-03-2013 18:50","active"
771,"11-03-2013 12:43",12107,portugese,"11-03-2013 12:44","active"
772,"11-03-2013 13:24",2944,english,"11-03-2013 13:25","active"
773,"11-03-2013 16:28",10008,french,"11-03-2013 16:29","active"
775,"11-03-2013 11:32",1,english,"11-03-2013 11:34","active"
779,"11-03-2013 13:17",8586,english,"11-03-2013 13:18","active"
780,"11-03-2013 07:37",12301,spanish,"11-03-2013 07:38","active"
782,"11-03-2013 05:15",11445,french,"11-03-2013 05:16","active"
783,"11-03-2013 09:31",25,spanish,"11-03-2013 09:33","active"
785,"12-03-2013 13:19",6320,russian,"12-03-2013 13:20","active"
790,"12-03-2013 22:56",15,english,"12-03-2013 22:57","active"
792,"12-03-2013 05:25",7104,english,"12-03-2013 05:27","active"
793,"12-03-2013 09:39",11147,english,"12-03-2013 09:40","active"
800,"12-03-2013 14:25",4818,english,"12-03-2013 14:27","active"
801,"13-03-2013 23:34",818,english,"13-03-2013 23:35","active"
802,"13-03-2013 10:38",4595,english,"13-03-2013 10:40","active"
803,"13-03-2013 15:53",1,english,"13-03-2013 15:54","active"
805,"13-03-2013 17:19",3169,english,"13-03-2013 17:20","active"
806,"13-03-2013 08:49",10857,indian,"13-03-2013 08:50","active"
808,"13-03-2013 19:19",19,english,"13-03-2013 19:20","active"
819,"14-03-2013 00:47",5063,english,"14-03-2013 00:49","active"
820,"14-03-2013 14:28",3,arabic,"14-03-2013 14:30","active"
822,"14-03-2013 10:59",11195,english,"14-03-2013 11:00","active"
823,"14-03-2013 06:51",53,french,"14-03-2013 06:53","active"
825,"14-03-2013 10:56",8669,english,"14-03-2013 10:58","active"
827,"14-03-2013 10:43",114,indian,"14-03-2013 10:45","active"
829,"14-03-2013 08:11",2378,german,"14-03-2013 08:12","active"
831,"14-03-2013 16:24",7668,english,"14-03-2013 16:26","active"
832,"15-03-2013 09:53",12758,spanish,"15-03-2013 09:54","active"
836,"15-03-2013 10:31",8116,english,"15-03-2013 10:32","active"
841,"15-03-2013 20:54",2,english,"15-03-2013 20:56","active"
845,"15-03-2013 12:37",448,korean,"15-03-2013 12:39","active"
850,"16-03-2013 23:22",4228,german,"16-03-2013 23:23","active"
853,"17-03-2013 10:55",786,spanish,"17-03-2013 10:57","active"
855,"18-03-2013 09:21",4773,german,"18-03-2013 09:23","active"
857,"18-03-2013 10:03",4649,english,"18-03-2013 10:04","active"
860,"18-03-2013 08:32",1205,chinese,"18-03-2013 08:33","active"
864,"18-03-2013 16:10",482,english,"18-03-2013 16:12","active"
867,"18-03-2013 22:43",6117,chinese,"18-03-2013 22:45","active"
869,"18-03-2013 00:52",4325,japanese,"18-03-2013 00:53","active"
872,"19-03-2013 16:49",12302,japanese,"19-03-2013 16:51","active"
880,"19-03-2013 08:50",5260,english,"19-03-2013 08:52","active"
881,"19-03-2013 13:21",9355,indian,"19-03-2013 13:22","active"
884,"19-03-2013 10:08",9348,english,"19-03-2013 10:09","active"
891,"20-03-2013 18:03",11523,english,"20-03-2013 18:04","active"
895,"20-03-2013 14:08",1647,english,"20-03-2013 14:10","active"
899,"20-03-2013 14:53",3391,english,"20-03-2013 14:55","active"
901,"20-03-2013 15:41",17,french,"20-03-2013 15:42","active"
905,"20-03-2013 07:32",8325,russian,"20-03-2013 07:33","active"
908,"21-03-2013 12:45",17,english,"21-03-2013 12:46","active"
914,"21-03-2013 16:51",1,english,"21-03-2013 16:53","active"
915,"21-03-2013 17:01",7258,english,"21-03-2013 17:03","active"
916,"21-03-2013 11:15",2907,spanish,"21-03-2013 11:17","active"
919,"21-03-2013 16:27",1780,spanish,"21-03-2013 16:28","active"
920,"21-03-2013 18:24",6,english,"21-03-2013 18:25","active"
922,"21-03-2013 15:16",10,english,"21-03-2013 15:18","active"
927,"22-03-2013 16:34",10087,spanish,"22-03-2013 16:36","active"
931,"22-03-2013 15:05",4334,portugese,"22-03-2013 15:06","active"
934,"22-03-2013 17:03",4008,arabic,"22-03-2013 17:04","active"
935,"22-03-2013 14:51",2653,english,"22-03-2013 14:52","active"
937,"22-03-2013 14:28",4084,french,"22-03-2013 14:30","active"
939,"22-03-2013 00:41",9,english,"22-03-2013 00:43","active"
940,"22-03-2013 10:35",12428,english,"22-03-2013 10:36","active"
941,"22-03-2013 17:48",57,english,"22-03-2013 17:49","active"
948,"24-03-2013 12:07",6038,english,"24-03-2013 12:09","active"
949,"24-03-2013 08:36",1954,spanish,"24-03-2013 08:38","active"
952,"25-03-2013 07:45",19,spanish,"25-03-2013 07:47","active"
954,"25-03-2013 12:11",7419,english,"25-03-2013 12:12","active"
958,"25-03-2013 14:56",9500,english,"25-03-2013 14:58","active"
959,"25-03-2013 05:41",2687,english,"25-03-2013 05:43","active"
960,"25-03-2013 21:41",12,indian,"25-03-2013 21:42","active"
961,"25-03-2013 08:47",9016,arabic,"25-03-2013 08:49","active"
966,"25-03-2013 09:40",4898,english,"25-03-2013 09:42","active"
970,"26-03-2013 16:14",9081,arabic,"26-03-2013 16:15","active"
971,"26-03-2013 17:26",10759,korean,"26-03-2013 17:28","active"
973,"26-03-2013 18:45",7261,english,"26-03-2013 18:47","active"
977,"26-03-2013 12:56",4926,japanese,"26-03-2013 12:58","active"
981,"26-03-2013 15:13",10031,spanish,"26-03-2013 15:15","active"
984,"26-03-2013 00:23",2856,english,"26-03-2013 00:25","active"
985,"26-03-2013 13:07",1764,chinese,"26-03-2013 13:09","active"
987,"27-03-2013 17:22",1545,english,"27-03-2013 17:24","active"
992,"27-03-2013 07:57",10228,spanish,"27-03-2013 07:58","active"
993,"27-03-2013 16:10",92,spanish,"27-03-2013 16:11","active"
994,"27-03-2013 13:52",14,english,"27-03-2013 13:54","active"
996,"27-03-2013 13:02",1,spanish,"27-03-2013 13:03","active"
1012,"28-03-2013 14:00",2571,english,"28-03-2013 14:02","active"
1014,"28-03-2013 16:11",1,japanese,"28-03-2013 16:12","active"
1018,"28-03-2013 18:27",7137,english,"28-03-2013 18:28","active"
1019,"29-03-2013 12:24",4586,indian,"29-03-2013 12:25","active"
1022,"29-03-2013 04:45",12540,english,"29-03-2013 04:46","active"
1024,"29-03-2013 08:47",12290,english,"29-03-2013 08:48","active"
1027,"29-03-2013 15:39",435,indian,"29-03-2013 15:41","active"
1031,"29-03-2013 10:35",9780,english,"29-03-2013 10:36","active"
1032,"29-03-2013 06:17",47,english,"29-03-2013 06:19","active"
1033,"30-03-2013 11:48",1,french,"30-03-2013 11:50","active"
1034,"30-03-2013 23:42",10831,english,"30-03-2013 23:43","active"
1035,"30-03-2013 11:53",3015,english,"30-03-2013 11:55","active"
1041,"31-03-2013 13:09",12752,french,"31-03-2013 13:11","active"
1042,"31-03-2013 17:39",7354,english,"31-03-2013 17:40","active"
1046,"01-04-2013 09:16",11156,japanese,"01-04-2013 09:18","active"
1047,"01-04-2013 23:02",2214,italian,"01-04-2013 23:04","active"
1048,"01-04-2013 14:49",11784,spanish,"01-04-2013 14:50","active"
1050,"01-04-2013 18:43",1860,french,"01-04-2013 18:44","active"
1052,"01-04-2013 15:12",13025,spanish,"01-04-2013 15:13","active"
1055,"01-04-2013 14:39",1656,spanish,"01-04-2013 14:41","active"
1056,"01-04-2013 13:20",5973,english,"01-04-2013 13:21","active"
1058,"02-04-2013 12:35",11539,french,"02-04-2013 12:36","active"
1059,"02-04-2013 12:47",5032,portugese,"02-04-2013 12:48","active"
1061,"02-04-2013 08:22",255,english,"02-04-2013 08:23","active"
1063,"02-04-2013 16:37",18,french,"02-04-2013 16:38","active"
1064,"02-04-2013 23:47",10237,indian,"02-04-2013 23:48","active"
1066,"02-04-2013 07:41",4901,english,"02-04-2013 07:43","active"
1068,"02-04-2013 18:16",3331,chinese,"02-04-2013 18:17","active"
1070,"02-04-2013 17:18",598,spanish,"02-04-2013 17:20","active"
1071,"02-04-2013 15:44",5513,english,"02-04-2013 15:46","active"
1072,"02-04-2013 16:03",619,spanish,"02-04-2013 16:05","active"
1078,"03-04-2013 12:19",10605,english,"03-04-2013 12:20","active"
1079,"03-04-2013 19:22",6454,japanese,"03-04-2013 19:23","active"
1080,"03-04-2013 10:38",14,english,"03-04-2013 10:39","active"
1085,"03-04-2013 14:45",125,english,"03-04-2013 14:46","active"
1088,"03-04-2013 17:06",411,english,"03-04-2013 17:07","active"
1090,"04-04-2013 13:57",3,english,"04-04-2013 13:59","active"
1091,"04-04-2013 11:24",5,english,"04-04-2013 11:25","active"
1096,"04-04-2013 08:38",2424,portugese,"04-04-2013 08:40","active"
1097,"04-04-2013 15:31",1,english,"04-04-2013 15:33","active"
1098,"04-04-2013 04:58",12822,english,"04-04-2013 04:59","active"
1100,"04-04-2013 09:08",12923,german,"04-04-2013 09:10","active"
1104,"05-04-2013 00:05",4324,english,"05-04-2013 00:07","active"
1108,"05-04-2013 06:34",4977,italian,"05-04-2013 06:35","active"
1110,"05-04-2013 07:21",1258,english,"05-04-2013 07:23","active"
1114,"05-04-2013 09:19",1770,german,"05-04-2013 09:20","active"
1117,"05-04-2013 14:51",9123,english,"05-04-2013 14:52","active"
1118,"05-04-2013 03:02",165,japanese,"05-04-2013 03:03","active"
1119,"06-04-2013 11:34",4995,arabic,"06-04-2013 11:36","active"
1120,"06-04-2013 05:33",7058,english,"06-04-2013 05:35","active"
1121,"06-04-2013 15:42",11384,french,"06-04-2013 15:44","active"
1126,"07-04-2013 17:03",4744,russian,"07-04-2013 17:04","active"
1127,"07-04-2013 12:35",7674,english,"07-04-2013 12:36","active"
1128,"07-04-2013 14:52",3138,spanish,"07-04-2013 14:54","active"
1130,"08-04-2013 15:31",4980,english,"08-04-2013 15:32","active"
1132,"08-04-2013 15:55",8480,japanese,"08-04-2013 15:56","active"
1135,"08-04-2013 12:22",5552,english,"08-04-2013 12:24","active"
1138,"08-04-2013 10:50",13150,english,"08-04-2013 10:52","active"
1139,"08-04-2013 11:24",32,japanese,"08-04-2013 11:25","active"
1140,"08-04-2013 14:08",10279,english,"08-04-2013 14:09","active"
1143,"08-04-2013 00:05",2127,english,"08-04-2013 00:06","active"
1145,"08-04-2013 09:08",1943,spanish,"08-04-2013 09:09","active"
1147,"09-04-2013 02:27",1242,french,"09-04-2013 02:28","active"
1148,"09-04-2013 09:51",9140,chinese,"09-04-2013 09:52","active"
1152,"09-04-2013 10:19",26,english,"09-04-2013 10:21","active"
1154,"09-04-2013 10:21",9661,english,"09-04-2013 10:22","active"
1163,"10-04-2013 18:31",1,japanese,"10-04-2013 18:32","active"
1164,"10-04-2013 11:47",917,english,"10-04-2013 11:49","active"
1165,"10-04-2013 18:46",589,french,"10-04-2013 18:48","active"
1166,"10-04-2013 18:06",9414,spanish,"10-04-2013 18:08","active"
1170,"10-04-2013 08:54",8949,english,"10-04-2013 08:55","active"
1173,"10-04-2013 13:01",6,english,"10-04-2013 13:02","active"
1175,"10-04-2013 08:56",2581,arabic,"10-04-2013 08:57","active"
1177,"10-04-2013 13:35",3,english,"10-04-2013 13:36","active"
1179,"11-04-2013 11:30",12108,korean,"11-04-2013 11:32","active"
1194,"11-04-2013 05:15",11430,chinese,"11-04-2013 05:17","active"
1200,"12-04-2013 18:18",6436,english,"12-04-2013 18:19","active"
1201,"12-04-2013 13:22",146,indian,"12-04-2013 13:24","active"
1204,"12-04-2013 21:04",83,english,"12-04-2013 21:05","active"
1206,"12-04-2013 16:02",3774,french,"12-04-2013 16:03","active"
1208,"12-04-2013 17:56",188,english,"12-04-2013 17:57","active"
1211,"12-04-2013 11:23",237,japanese,"12-04-2013 11:24","active"
1214,"13-04-2013 14:18",3,english,"13-04-2013 14:20","active"
1215,"13-04-2013 09:21",12810,french,"13-04-2013 09:22","active"
1216,"13-04-2013 14:23",3666,english,"13-04-2013 14:25","active"
1218,"13-04-2013 16:30",3624,japanese,"13-04-2013 16:31","active"
1220,"14-04-2013 13:12",153,spanish,"14-04-2013 13:13","active"
1221,"14-04-2013 11:34",8039,spanish,"14-04-2013 11:36","active"
1224,"14-04-2013 09:06",10624,english,"14-04-2013 09:07","active"
1225,"15-04-2013 19:37",2,english,"15-04-2013 19:39","active"
1230,"15-04-2013 17:27",1,english,"15-04-2013 17:29","active"
1232,"15-04-2013 16:35",12331,japanese,"15-04-2013 16:36","active"
1234,"15-04-2013 13:05",67,english,"15-04-2013 13:06","active"
1237,"15-04-2013 17:54",8025,japanese,"15-04-2013 17:56","active"
1238,"15-04-2013 12:01",10078,japanese,"15-04-2013 12:02","active"
1243,"16-04-2013 10:39",2196,japanese,"16-04-2013 10:41","active"
1249,"16-04-2013 19:10",1,english,"16-04-2013 19:11","active"
1250,"16-04-2013 06:20",35,japanese,"16-04-2013 06:21","active"
1252,"16-04-2013 07:53",9236,english,"16-04-2013 07:55","active"
1253,"16-04-2013 14:52",5415,english,"16-04-2013 14:53","active"
1254,"16-04-2013 19:29",3078,english,"16-04-2013 19:30","active"
1255,"16-04-2013 08:57",1289,english,"16-04-2013 08:59","active"
1257,"16-04-2013 07:26",6261,english,"16-04-2013 07:27","active"
1258,"16-04-2013 19:12",10,russian,"16-04-2013 19:13","active"
1260,"17-04-2013 00:25",7289,spanish,"17-04-2013 00:27","active"
1263,"17-04-2013 16:38",8265,english,"17-04-2013 16:40","active"
1269,"17-04-2013 16:44",439,english,"17-04-2013 16:45","active"
1271,"17-04-2013 01:09",3326,english,"17-04-2013 01:11","active"
1272,"17-04-2013 16:12",1,spanish,"17-04-2013 16:13","active"
1275,"17-04-2013 10:54",18,japanese,"17-04-2013 10:56","active"
1277,"17-04-2013 09:23",4850,english,"17-04-2013 09:24","active"
1279,"18-04-2013 11:01",10650,english,"18-04-2013 11:03","active"
1282,"18-04-2013 15:15",1,french,"18-04-2013 15:17","active"
1283,"18-04-2013 14:53",12026,english,"18-04-2013 14:55","active"
1286,"18-04-2013 09:17",4,spanish,"18-04-2013 09:18","active"
1287,"18-04-2013 12:46",52,english,"18-04-2013 12:47","active"
1288,"18-04-2013 10:38",4482,english,"18-04-2013 10:40","active"
1293,"18-04-2013 11:39",931,english,"18-04-2013 11:41","active"
1295,"19-04-2013 09:03",12402,indian,"19-04-2013 09:05","active"
1297,"19-04-2013 10:53",315,english,"19-04-2013 10:55","active"
1298,"19-04-2013 15:20",1820,english,"19-04-2013 15:21","active"
1300,"19-04-2013 15:40",10814,french,"19-04-2013 15:41","active"
1301,"19-04-2013 17:11",5678,english,"19-04-2013 17:13","active"
1302,"19-04-2013 11:10",1,english,"19-04-2013 11:12","active"
1306,"19-04-2013 13:05",8538,indian,"19-04-2013 13:06","active"
1307,"19-04-2013 22:03",28,french,"19-04-2013 22:04","active"
1308,"19-04-2013 16:20",9904,english,"19-04-2013 16:22","active"
1311,"20-04-2013 18:39",5525,chinese,"20-04-2013 18:41","active"
1312,"20-04-2013 11:34",6200,english,"20-04-2013 11:35","active"
1313,"21-04-2013 04:16",9914,spanish,"21-04-2013 04:17","active"
1317,"21-04-2013 17:11",11041,italian,"21-04-2013 17:13","active"
1318,"22-04-2013 14:01",12278,english,"22-04-2013 14:03","active"
1319,"22-04-2013 13:19",9085,english,"22-04-2013 13:21","active"
1321,"22-04-2013 18:34",3245,spanish,"22-04-2013 18:35","active"
1322,"22-04-2013 21:09",7084,spanish,"22-04-2013 21:11","active"
1324,"22-04-2013 19:27",694,english,"22-04-2013 19:28","active"
1326,"22-04-2013 16:28",46,english,"22-04-2013 16:29","active"
1330,"22-04-2013 09:25",10448,english,"22-04-2013 09:26","active"
1331,"22-04-2013 14:20",16,spanish,"22-04-2013 14:22","active"
1343,"23-04-2013 13:01",52,english,"23-04-2013 13:02","active"
1345,"23-04-2013 11:35",1635,french,"23-04-2013 11:36","active"
1346,"23-04-2013 09:27",8291,english,"23-04-2013 09:28","active"
1350,"23-04-2013 12:17",1465,english,"23-04-2013 12:18","active"
1351,"23-04-2013 10:06",255,french,"23-04-2013 10:08","active"
1352,"23-04-2013 15:25",11127,french,"23-04-2013 15:26","active"
1355,"24-04-2013 01:55",8169,german,"24-04-2013 01:56","active"
1361,"24-04-2013 17:46",184,english,"24-04-2013 17:47","active"
1365,"24-04-2013 10:03",13088,portugese,"24-04-2013 10:05","active"
1366,"24-04-2013 18:11",3726,indian,"24-04-2013 18:13","active"
1367,"24-04-2013 12:03",7447,english,"24-04-2013 12:04","active"
1368,"24-04-2013 00:23",9990,french,"24-04-2013 00:24","active"
1371,"24-04-2013 12:27",295,japanese,"24-04-2013 12:29","active"
1372,"24-04-2013 18:52",10554,english,"24-04-2013 18:54","active"
1373,"25-04-2013 17:55",6,english,"25-04-2013 17:57","active"
1374,"25-04-2013 11:49",2029,english,"25-04-2013 11:51","active"
1377,"25-04-2013 14:20",5,german,"25-04-2013 14:22","active"
1380,"25-04-2013 08:02",4288,english,"25-04-2013 08:03","active"
1381,"25-04-2013 16:03",4,english,"25-04-2013 16:04","active"
1384,"25-04-2013 13:17",8359,english,"25-04-2013 13:18","active"
1386,"25-04-2013 08:16",1243,spanish,"25-04-2013 08:18","active"
1387,"25-04-2013 10:35",5427,japanese,"25-04-2013 10:36","active"
1388,"25-04-2013 09:46",8,english,"25-04-2013 09:47","active"
1389,"25-04-2013 08:10",6252,french,"25-04-2013 08:12","active"
1391,"26-04-2013 16:26",5846,japanese,"26-04-2013 16:27","active"
1392,"26-04-2013 09:28",281,spanish,"26-04-2013 09:29","active"
1395,"26-04-2013 09:12",12851,english,"26-04-2013 09:14","active"
1400,"26-04-2013 15:03",5946,english,"26-04-2013 15:05","active"
1401,"26-04-2013 09:38",1837,arabic,"26-04-2013 09:39","active"
1402,"26-04-2013 13:24",13130,spanish,"26-04-2013 13:26","active"
1403,"26-04-2013 12:25",2,japanese,"26-04-2013 12:27","active"
1404,"26-04-2013 13:32",9288,english,"26-04-2013 13:33","active"
1406,"26-04-2013 11:32",8151,english,"26-04-2013 11:34","active"
1409,"27-04-2013 16:36",1,indian,"27-04-2013 16:38","active"
1410,"27-04-2013 16:37",9850,portugese,"27-04-2013 16:39","active"
1412,"27-04-2013 15:19",4,spanish,"27-04-2013 15:20","active"
1413,"28-04-2013 18:47",3900,english,"28-04-2013 18:49","active"
1414,"28-04-2013 10:20",22,japanese,"28-04-2013 10:22","active"
1415,"28-04-2013 08:13",29,japanese,"28-04-2013 08:14","active"
1417,"28-04-2013 19:41",6384,english,"28-04-2013 19:43","active"
1419,"29-04-2013 13:26",12780,spanish,"29-04-2013 13:27","active"
1422,"29-04-2013 14:43",185,russian,"29-04-2013 14:44","active"
1423,"29-04-2013 15:08",48,english,"29-04-2013 15:09","active"
1424,"29-04-2013 09:30",10519,spanish,"29-04-2013 09:31","active"
1425,"29-04-2013 10:12",12,german,"29-04-2013 10:14","active"
1427,"29-04-2013 17:20",6017,french,"29-04-2013 17:21","active"
1428,"29-04-2013 10:33",7888,english,"29-04-2013 10:34","active"
1430,"29-04-2013 16:14",2694,english,"29-04-2013 16:15","active"
1431,"29-04-2013 16:27",2,english,"29-04-2013 16:28","active"
1437,"30-04-2013 16:18",432,spanish,"30-04-2013 16:20","active"
1439,"30-04-2013 09:39",106,english,"30-04-2013 09:40","active"
1440,"30-04-2013 15:28",4537,russian,"30-04-2013 15:29","active"
1445,"30-04-2013 15:16",5798,german,"30-04-2013 15:18","active"
1446,"30-04-2013 13:52",179,english,"30-04-2013 13:54","active"
1448,"30-04-2013 14:24",4435,english,"30-04-2013 14:26","active"
1450,"30-04-2013 00:54",1,russian,"30-04-2013 00:56","active"
1453,"01-05-2013 00:57",3747,english,"01-05-2013 00:58","active"
1454,"01-05-2013 11:10",17,japanese,"01-05-2013 11:12","active"
1456,"01-05-2013 18:49",7682,portugese,"01-05-2013 18:51","active"
1459,"01-05-2013 09:00",7617,english,"01-05-2013 09:02","active"
1461,"01-05-2013 11:25",12247,japanese,"01-05-2013 11:26","active"
1463,"01-05-2013 15:24",1977,english,"01-05-2013 15:26","active"
1464,"01-05-2013 23:55",3682,indian,"01-05-2013 23:56","active"
1465,"01-05-2013 09:34",11115,japanese,"01-05-2013 09:35","active"
1467,"01-05-2013 18:20",8521,english,"01-05-2013 18:21","active"
1468,"01-05-2013 22:51",2,arabic,"01-05-2013 22:52","active"
1477,"02-05-2013 11:00",4983,english,"02-05-2013 11:01","active"
1481,"02-05-2013 08:12",85,english,"02-05-2013 08:14","active"
1482,"02-05-2013 12:51",12982,english,"02-05-2013 12:52","active"
1486,"02-05-2013 19:06",7814,japanese,"02-05-2013 19:07","active"
1487,"02-05-2013 17:23",9799,english,"02-05-2013 17:24","active"
1488,"02-05-2013 16:45",1887,english,"02-05-2013 16:46","active"
1491,"03-05-2013 06:21",5699,english,"03-05-2013 06:22","active"
1492,"03-05-2013 12:40",1,english,"03-05-2013 12:41","active"
1495,"03-05-2013 18:48",6,arabic,"03-05-2013 18:50","active"
1496,"03-05-2013 16:02",7952,german,"03-05-2013 16:04","active"
1498,"03-05-2013 19:55",2513,spanish,"03-05-2013 19:57","active"
1499,"03-05-2013 14:02",9744,english,"03-05-2013 14:03","active"
1500,"03-05-2013 17:45",9061,japanese,"03-05-2013 17:46","active"
1501,"03-05-2013 09:05",962,japanese,"03-05-2013 09:06","active"
1504,"03-05-2013 09:19",22,japanese,"03-05-2013 09:21","active"
1505,"03-05-2013 17:17",5261,english,"03-05-2013 17:18","active"
1507,"03-05-2013 20:02",11733,arabic,"03-05-2013 20:04","active"
1509,"03-05-2013 13:32",6963,english,"03-05-2013 13:34","active"
1511,"04-05-2013 14:41",6,english,"04-05-2013 14:42","active"
1515,"05-05-2013 10:52",9,english,"05-05-2013 10:54","active"
1516,"05-05-2013 06:49",12984,english,"05-05-2013 06:51","active"
1518,"05-05-2013 08:07",75,japanese,"05-05-2013 08:09","active"
1519,"06-05-2013 08:54",9013,english,"06-05-2013 08:55","active"
1526,"06-05-2013 17:38",1,english,"06-05-2013 17:39","active"
1529,"06-05-2013 14:19",4272,english,"06-05-2013 14:20","active"
1533,"06-05-2013 03:46",7,spanish,"06-05-2013 03:47","active"
1535,"06-05-2013 17:50",9636,english,"06-05-2013 17:52","active"
1539,"07-05-2013 20:56",7,english,"07-05-2013 20:57","active"
1543,"07-05-2013 13:22",1,english,"07-05-2013 13:23","active"
1549,"07-05-2013 19:15",6886,french,"07-05-2013 19:16","active"
1551,"07-05-2013 13:03",3387,english,"07-05-2013 13:04","active"
1552,"07-05-2013 13:51",3531,french,"07-05-2013 13:53","active"
1554,"07-05-2013 14:15",2659,japanese,"07-05-2013 14:17","active"
1555,"07-05-2013 07:42",9965,indian,"07-05-2013 07:44","active"
1557,"07-05-2013 07:25",8585,french,"07-05-2013 07:27","active"
1558,"08-05-2013 11:53",12888,french,"08-05-2013 11:55","active"
1562,"08-05-2013 16:28",1,japanese,"08-05-2013 16:30","active"
1563,"08-05-2013 22:33",2208,spanish,"08-05-2013 22:35","active"
1565,"08-05-2013 11:06",8882,english,"08-05-2013 11:08","active"
1567,"08-05-2013 00:48",2379,german,"08-05-2013 00:49","active"
1568,"08-05-2013 03:41",99,japanese,"08-05-2013 03:42","active"
1569,"08-05-2013 03:12",4,french,"08-05-2013 03:14","active"
1570,"08-05-2013 14:35",12,chinese,"08-05-2013 14:36","active"
1574,"08-05-2013 15:59",495,indian,"08-05-2013 16:01","active"
1575,"08-05-2013 00:01",5597,english,"08-05-2013 00:02","active"
1576,"09-05-2013 06:29",469,german,"09-05-2013 06:31","active"
1577,"09-05-2013 08:07",137,english,"09-05-2013 08:08","active"
1584,"09-05-2013 18:44",3538,japanese,"09-05-2013 18:45","active"
1587,"09-05-2013 14:32",2527,english,"09-05-2013 14:33","active"
1589,"09-05-2013 16:34",7770,english,"09-05-2013 16:36","active"
1591,"09-05-2013 09:28",6893,english,"09-05-2013 09:29","active"
1594,"10-05-2013 15:32",4721,japanese,"10-05-2013 15:34","active"
1604,"10-05-2013 21:56",12,italian,"10-05-2013 21:58","active"
1605,"10-05-2013 11:39",6675,chinese,"10-05-2013 11:41","active"
1606,"10-05-2013 12:11",1,french,"10-05-2013 12:13","active"
1607,"10-05-2013 08:25",441,chinese,"10-05-2013 08:27","active"
1609,"10-05-2013 12:23",1,russian,"10-05-2013 12:24","active"
1610,"10-05-2013 11:55",2238,english,"10-05-2013 11:56","active"
1611,"10-05-2013 19:47",8898,chinese,"10-05-2013 19:49","active"
1614,"11-05-2013 14:21",156,english,"11-05-2013 14:22","active"
1617,"11-05-2013 14:03",17,spanish,"11-05-2013 14:04","active"
1618,"11-05-2013 07:17",2,english,"11-05-2013 07:18","active"
1619,"11-05-2013 23:53",74,japanese,"11-05-2013 23:55","active"
1621,"12-05-2013 17:10",4669,english,"12-05-2013 17:12","active"
1622,"12-05-2013 23:55",1182,french,"12-05-2013 23:57","active"
1623,"12-05-2013 11:55",448,english,"12-05-2013 11:56","active"
1625,"12-05-2013 10:14",11985,portugese,"12-05-2013 10:16","active"
1628,"13-05-2013 16:17",7482,english,"13-05-2013 16:19","active"
1631,"13-05-2013 09:49",1135,english,"13-05-2013 09:50","active"
1632,"13-05-2013 15:03",5148,french,"13-05-2013 15:04","active"
1633,"13-05-2013 11:23",1,english,"13-05-2013 11:24","active"
1635,"13-05-2013 16:10",3846,italian,"13-05-2013 16:12","active"
1639,"13-05-2013 17:25",276,english,"13-05-2013 17:27","active"
1640,"13-05-2013 07:53",9049,english,"13-05-2013 07:54","active"
1641,"13-05-2013 19:23",1901,english,"13-05-2013 19:24","active"
1642,"13-05-2013 11:06",34,japanese,"13-05-2013 11:07","active"
1643,"13-05-2013 08:03",1488,italian,"13-05-2013 08:05","active"
1646,"13-05-2013 19:24",12191,german,"13-05-2013 19:26","active"
1647,"13-05-2013 21:57",9169,english,"13-05-2013 21:58","active"
1648,"14-05-2013 10:41",4762,english,"14-05-2013 10:43","active"
1650,"14-05-2013 07:45",2,english,"14-05-2013 07:47","active"
1652,"14-05-2013 03:35",9916,japanese,"14-05-2013 03:37","active"
1653,"14-05-2013 21:03",12153,chinese,"14-05-2013 21:04","active"
1654,"14-05-2013 14:42",3758,arabic,"14-05-2013 14:43","active"
1658,"14-05-2013 15:45",9499,english,"14-05-2013 15:46","active"
1659,"14-05-2013 17:04",12114,english,"14-05-2013 17:06","active"
1660,"14-05-2013 23:46",12266,english,"14-05-2013 23:47","active"
1661,"14-05-2013 12:27",7723,english,"14-05-2013 12:28","active"
1663,"14-05-2013 16:52",7691,japanese,"14-05-2013 16:53","active"
1667,"14-05-2013 15:22",10579,english,"14-05-2013 15:23","active"
1669,"15-05-2013 11:33",10575,german,"15-05-2013 11:34","active"
1671,"15-05-2013 07:50",5646,portugese,"15-05-2013 07:52","active"
1672,"15-05-2013 13:17",2,english,"15-05-2013 13:18","active"
1676,"15-05-2013 17:52",6878,english,"15-05-2013 17:53","active"
1678,"15-05-2013 15:00",11273,japanese,"15-05-2013 15:02","active"
1679,"15-05-2013 14:07",15,english,"15-05-2013 14:08","active"
1681,"15-05-2013 00:22",13,italian,"15-05-2013 00:23","active"
1683,"15-05-2013 17:58",8349,italian,"15-05-2013 17:59","active"
1684,"15-05-2013 17:43",12308,english,"15-05-2013 17:44","active"
1685,"15-05-2013 09:14",12772,english,"15-05-2013 09:16","active"
1687,"16-05-2013 18:19",218,spanish,"16-05-2013 18:21","active"
1689,"16-05-2013 22:37",11537,japanese,"16-05-2013 22:38","active"
1690,"16-05-2013 16:14",140,english,"16-05-2013 16:16","active"
1692,"16-05-2013 11:26",60,english,"16-05-2013 11:28","active"
1693,"16-05-2013 04:07",2,english,"16-05-2013 04:08","active"
1694,"16-05-2013 13:02",12728,english,"16-05-2013 13:04","active"
1695,"16-05-2013 06:23",6164,german,"16-05-2013 06:24","active"
1698,"16-05-2013 11:00",10627,english,"16-05-2013 11:01","active"
1700,"16-05-2013 12:02",334,italian,"16-05-2013 12:03","active"
1702,"16-05-2013 12:57",1357,english,"16-05-2013 12:59","active"
1707,"17-05-2013 20:21",8206,english,"17-05-2013 20:23","active"
1709,"17-05-2013 11:36",10169,english,"17-05-2013 11:38","active"
1710,"17-05-2013 17:31",13179,english,"17-05-2013 17:32","active"
1711,"17-05-2013 09:47",180,english,"17-05-2013 09:49","active"
1712,"17-05-2013 13:20",2768,english,"17-05-2013 13:21","active"
1715,"17-05-2013 11:18",8266,english,"17-05-2013 11:20","active"
1717,"17-05-2013 15:10",7753,english,"17-05-2013 15:12","active"
1720,"17-05-2013 17:58",703,english,"17-05-2013 18:00","active"
1722,"18-05-2013 19:46",12660,spanish,"18-05-2013 19:48","active"
1727,"18-05-2013 09:23",38,english,"18-05-2013 09:24","active"
1729,"19-05-2013 18:10",3143,indian,"19-05-2013 18:11","active"
1732,"19-05-2013 05:39",110,english,"19-05-2013 05:40","active"
1733,"20-05-2013 08:13",11189,german,"20-05-2013 08:14","active"
1734,"20-05-2013 17:19",7,indian,"20-05-2013 17:20","active"
1736,"20-05-2013 10:00",74,english,"20-05-2013 10:02","active"
1737,"20-05-2013 08:55",8769,english,"20-05-2013 08:57","active"
1738,"20-05-2013 07:46",299,spanish,"20-05-2013 07:47","active"
1739,"20-05-2013 01:46",7921,french,"20-05-2013 01:48","active"
1742,"20-05-2013 08:58",8,korean,"20-05-2013 08:59","active"
1744,"20-05-2013 15:18",11653,japanese,"20-05-2013 15:19","active"
1755,"21-05-2013 08:27",22,english,"21-05-2013 08:28","active"
1757,"21-05-2013 13:54",10393,japanese,"21-05-2013 13:56","active"
1758,"21-05-2013 18:38",10039,english,"21-05-2013 18:39","active"
1759,"21-05-2013 13:48",4,english,"21-05-2013 13:50","active"
1761,"21-05-2013 09:46",1,portugese,"21-05-2013 09:47","active"
1765,"21-05-2013 15:18",8130,english,"21-05-2013 15:20","active"
1768,"21-05-2013 12:13",11907,japanese,"21-05-2013 12:15","active"
1770,"22-05-2013 05:51",7651,spanish,"22-05-2013 05:52","active"
1774,"22-05-2013 09:52",1859,english,"22-05-2013 09:54","active"
1775,"22-05-2013 16:47",6798,german,"22-05-2013 16:48","active"
1776,"22-05-2013 09:15",193,indian,"22-05-2013 09:16","active"
1779,"22-05-2013 21:13",1,english,"22-05-2013 21:14","active"
1788,"22-05-2013 21:09",12561,chinese,"22-05-2013 21:11","active"
1790,"22-05-2013 07:27",330,english,"22-05-2013 07:28","active"
1791,"22-05-2013 07:12",3404,english,"22-05-2013 07:13","active"
1794,"23-05-2013 14:02",1449,english,"23-05-2013 14:04","active"
1795,"23-05-2013 18:58",10538,spanish,"23-05-2013 18:59","active"
1801,"23-05-2013 03:10",1897,english,"23-05-2013 03:11","active"
1803,"23-05-2013 11:08",12309,italian,"23-05-2013 11:10","active"
1804,"23-05-2013 15:37",5754,portugese,"23-05-2013 15:38","active"
1806,"23-05-2013 13:18",105,english,"23-05-2013 13:20","active"
1808,"23-05-2013 12:17",13041,english,"23-05-2013 12:18","active"
1811,"24-05-2013 04:58",10075,japanese,"24-05-2013 05:00","active"
1812,"24-05-2013 09:24",11475,german,"24-05-2013 09:26","active"
1813,"24-05-2013 07:30",179,japanese,"24-05-2013 07:31","active"
1822,"24-05-2013 13:30",8171,japanese,"24-05-2013 13:32","active"
1829,"25-05-2013 10:19",10612,japanese,"25-05-2013 10:21","active"
1830,"25-05-2013 09:53",193,french,"25-05-2013 09:55","active"
1831,"25-05-2013 11:41",78,english,"25-05-2013 11:42","active"
1832,"26-05-2013 11:31",8,french,"26-05-2013 11:32","active"
1833,"26-05-2013 13:08",7067,arabic,"26-05-2013 13:09","active"
1834,"26-05-2013 09:24",7,korean,"26-05-2013 09:26","active"
1835,"26-05-2013 15:02",11131,english,"26-05-2013 15:04","active"
1838,"27-05-2013 16:50",4927,german,"27-05-2013 16:52","active"
1839,"27-05-2013 17:07",5627,french,"27-05-2013 17:08","active"
1841,"27-05-2013 09:26",164,english,"27-05-2013 09:28","active"
1842,"27-05-2013 14:40",8040,spanish,"27-05-2013 14:41","active"
1844,"27-05-2013 16:41",1,japanese,"27-05-2013 16:43","active"
1849,"27-05-2013 12:12",987,english,"27-05-2013 12:14","active"
1853,"27-05-2013 19:14",7713,arabic,"27-05-2013 19:15","active"
1860,"28-05-2013 09:40",10066,english,"28-05-2013 09:41","active"
1861,"28-05-2013 13:40",3691,english,"28-05-2013 13:41","active"
1863,"28-05-2013 19:22",13,german,"28-05-2013 19:23","active"
1864,"28-05-2013 13:00",11950,english,"28-05-2013 13:01","active"
1865,"28-05-2013 13:16",102,portugese,"28-05-2013 13:18","active"
1867,"28-05-2013 06:33",3415,english,"28-05-2013 06:34","active"
1870,"28-05-2013 16:52",10274,spanish,"28-05-2013 16:53","active"
1872,"28-05-2013 16:52",2898,french,"28-05-2013 16:54","active"
1874,"28-05-2013 12:49",3388,english,"28-05-2013 12:51","active"
1876,"29-05-2013 18:54",23,english,"29-05-2013 18:56","active"
1877,"29-05-2013 17:45",3941,english,"29-05-2013 17:46","active"
1882,"29-05-2013 20:29",109,english,"29-05-2013 20:31","active"
1883,"29-05-2013 03:23",4840,japanese,"29-05-2013 03:24","active"
1886,"29-05-2013 17:09",2437,german,"29-05-2013 17:11","active"
1895,"29-05-2013 15:31",10364,english,"29-05-2013 15:33","active"
1897,"30-05-2013 08:35",451,english,"30-05-2013 08:37","active"
1898,"30-05-2013 16:16",4113,english,"30-05-2013 16:18","active"
1900,"30-05-2013 12:16",510,arabic,"30-05-2013 12:17","active"
1902,"30-05-2013 07:49",10938,german,"30-05-2013 07:51","active"
1904,"30-05-2013 11:14",8708,english,"30-05-2013 11:15","active"
1905,"30-05-2013 08:54",1333,spanish,"30-05-2013 08:55","active"
1908,"30-05-2013 11:05",39,japanese,"30-05-2013 11:06","active"
1911,"30-05-2013 00:43",5,english,"30-05-2013 00:44","active"
1912,"30-05-2013 15:02",937,french,"30-05-2013 15:03","active"
1913,"30-05-2013 22:53",1,english,"30-05-2013 22:55","active"
1916,"30-05-2013 14:44",7454,chinese,"30-05-2013 14:45","active"
1919,"31-05-2013 02:14",3,english,"31-05-2013 02:16","active"
1922,"31-05-2013 12:21",59,spanish,"31-05-2013 12:22","active"
1925,"31-05-2013 18:16",2189,chinese,"31-05-2013 18:17","active"
1927,"31-05-2013 19:47",2227,english,"31-05-2013 19:48","active"
1933,"31-05-2013 18:31",2328,english,"31-05-2013 18:32","active"
1936,"31-05-2013 08:41",8645,spanish,"31-05-2013 08:43","active"
1937,"31-05-2013 11:14",13161,english,"31-05-2013 11:15","active"
1938,"31-05-2013 12:00",6896,german,"31-05-2013 12:01","active"
1939,"01-06-2013 10:51",6247,french,"01-06-2013 10:53","active"
1941,"01-06-2013 10:50",4114,japanese,"01-06-2013 10:52","active"
1943,"01-06-2013 18:29",1382,english,"01-06-2013 18:31","active"
1944,"01-06-2013 13:38",1529,english,"01-06-2013 13:39","active"
1945,"02-06-2013 18:47",307,english,"02-06-2013 18:49","active"
1946,"02-06-2013 16:23",4987,chinese,"02-06-2013 16:24","active"
1947,"02-06-2013 13:59",7505,spanish,"02-06-2013 14:01","active"
1949,"02-06-2013 06:13",8371,chinese,"02-06-2013 06:15","active"
1950,"03-06-2013 19:23",8647,english,"03-06-2013 19:25","active"
1951,"03-06-2013 09:59",9681,spanish,"03-06-2013 10:00","active"
1953,"03-06-2013 10:44",11930,french,"03-06-2013 10:45","active"
1954,"03-06-2013 14:14",8908,english,"03-06-2013 14:16","active"
1956,"03-06-2013 09:52",11,english,"03-06-2013 09:53","active"
1957,"03-06-2013 12:39",1,spanish,"03-06-2013 12:40","active"
1958,"03-06-2013 05:48",11102,spanish,"03-06-2013 05:49","active"
1961,"03-06-2013 09:20",825,english,"03-06-2013 09:21","active"
1963,"03-06-2013 12:11",11611,spanish,"03-06-2013 12:13","active"
1965,"03-06-2013 17:13",6966,russian,"03-06-2013 17:15","active"
1966,"03-06-2013 18:44",10763,english,"03-06-2013 18:45","active"
1967,"03-06-2013 18:50",7,english,"03-06-2013 18:52","active"
1970,"04-06-2013 12:39",31,english,"04-06-2013 12:40","active"
1971,"04-06-2013 19:54",2393,english,"04-06-2013 19:56","active"
1972,"04-06-2013 19:21",6005,english,"04-06-2013 19:22","active"
1974,"04-06-2013 08:19",6673,english,"04-06-2013 08:20","active"
1975,"04-06-2013 09:22",5313,english,"04-06-2013 09:23","active"
1976,"04-06-2013 14:30",8,french,"04-06-2013 14:31","active"
1977,"04-06-2013 09:43",8827,english,"04-06-2013 09:45","active"
1979,"04-06-2013 17:27",12684,english,"04-06-2013 17:28","active"
1981,"04-06-2013 16:14",8231,english,"04-06-2013 16:15","active"
1982,"04-06-2013 01:37",2056,japanese,"04-06-2013 01:38","active"
1983,"04-06-2013 19:39",6785,english,"04-06-2013 19:41","active"
1987,"04-06-2013 13:53",12225,english,"04-06-2013 13:54","active"
1989,"04-06-2013 13:20",3,spanish,"04-06-2013 13:22","active"
1990,"04-06-2013 14:02",10226,english,"04-06-2013 14:04","active"
1991,"04-06-2013 08:03",2925,english,"04-06-2013 08:05","active"
1992,"04-06-2013 14:21",12990,chinese,"04-06-2013 14:23","active"
1994,"05-06-2013 17:06",29,russian,"05-06-2013 17:07","active"
1996,"05-06-2013 12:02",5858,french,"05-06-2013 12:03","active"
1997,"05-06-2013 16:47",1,indian,"05-06-2013 16:48","active"
1998,"05-06-2013 00:53",170,english,"05-06-2013 00:55","active"
1999,"05-06-2013 19:38",6515,english,"05-06-2013 19:39","active"
2000,"05-06-2013 09:27",11323,spanish,"05-06-2013 09:29","active"
2005,"05-06-2013 22:22",4,english,"05-06-2013 22:24","active"
2013,"06-06-2013 15:33",4860,english,"06-06-2013 15:34","active"
2016,"06-06-2013 11:27",3,spanish,"06-06-2013 11:28","active"
2024,"06-06-2013 12:28",7216,english,"06-06-2013 12:30","active"
2026,"06-06-2013 23:25",5945,english,"06-06-2013 23:27","active"
2028,"06-06-2013 10:06",4362,arabic,"06-06-2013 10:08","active"
2033,"07-06-2013 16:37",9337,english,"07-06-2013 16:38","active"
2035,"07-06-2013 12:02",19,english,"07-06-2013 12:04","active"
2036,"07-06-2013 10:43",41,korean,"07-06-2013 10:45","active"
2039,"07-06-2013 17:36",4658,portugese,"07-06-2013 17:37","active"
2041,"07-06-2013 09:00",6140,english,"07-06-2013 09:02","active"
2043,"07-06-2013 15:20",9407,english,"07-06-2013 15:22","active"
2047,"07-06-2013 20:18",4688,french,"07-06-2013 20:20","active"
2050,"07-06-2013 15:31",9397,english,"07-06-2013 15:32","active"
2051,"08-06-2013 15:02",4264,english,"08-06-2013 15:03","active"
2056,"08-06-2013 18:19",2141,spanish,"08-06-2013 18:20","active"
2059,"09-06-2013 16:21",13104,spanish,"09-06-2013 16:22","active"
2063,"10-06-2013 17:15",3593,chinese,"10-06-2013 17:17","active"
2067,"10-06-2013 20:11",4876,english,"10-06-2013 20:13","active"
2068,"10-06-2013 15:56",356,english,"10-06-2013 15:57","active"
2070,"10-06-2013 14:54",1,indian,"10-06-2013 14:55","active"
2071,"10-06-2013 05:18",1,portugese,"10-06-2013 05:20","active"
2074,"10-06-2013 02:18",124,english,"10-06-2013 02:19","active"
2075,"10-06-2013 15:16",15,korean,"10-06-2013 15:17","active"
2076,"10-06-2013 15:14",1110,english,"10-06-2013 15:15","active"
2079,"10-06-2013 14:54",2098,german,"10-06-2013 14:55","active"
2080,"10-06-2013 11:29",9932,indian,"10-06-2013 11:31","active"
2081,"10-06-2013 10:01",4925,english,"10-06-2013 10:03","active"
2082,"10-06-2013 19:37",5053,english,"10-06-2013 19:38","active"
2086,"11-06-2013 05:51",6566,english,"11-06-2013 05:52","active"
2091,"11-06-2013 16:38",5081,indian,"11-06-2013 16:39","active"
2093,"11-06-2013 08:34",11295,german,"11-06-2013 08:36","active"
2097,"11-06-2013 14:56",70,german,"11-06-2013 14:57","active"
2100,"11-06-2013 18:23",2,english,"11-06-2013 18:25","active"
2102,"11-06-2013 16:13",8031,english,"11-06-2013 16:15","active"
2104,"11-06-2013 15:12",10365,french,"11-06-2013 15:13","active"
2111,"12-06-2013 17:42",2895,english,"12-06-2013 17:43","active"
2112,"12-06-2013 14:33",4184,english,"12-06-2013 14:35","active"
2117,"12-06-2013 16:33",47,japanese,"12-06-2013 16:34","active"
2118,"12-06-2013 09:20",173,chinese,"12-06-2013 09:22","active"
2119,"12-06-2013 12:19",6221,chinese,"12-06-2013 12:20","active"
2120,"12-06-2013 10:54",830,english,"12-06-2013 10:55","active"
2122,"12-06-2013 18:34",9958,japanese,"12-06-2013 18:35","active"
2123,"12-06-2013 21:24",8603,french,"12-06-2013 21:25","active"
2125,"12-06-2013 08:10",7167,japanese,"12-06-2013 08:11","active"
2135,"13-06-2013 21:33",6255,arabic,"13-06-2013 21:35","active"
2136,"13-06-2013 10:12",8953,french,"13-06-2013 10:14","active"
2137,"13-06-2013 02:57",9688,arabic,"13-06-2013 02:58","active"
2138,"13-06-2013 17:33",979,english,"13-06-2013 17:35","active"
2142,"13-06-2013 16:04",1,english,"13-06-2013 16:06","active"
2143,"13-06-2013 17:54",7897,italian,"13-06-2013 17:55","active"
2148,"14-06-2013 10:48",2163,english,"14-06-2013 10:50","active"
2151,"14-06-2013 14:27",12148,spanish,"14-06-2013 14:29","active"
2152,"14-06-2013 12:44",1,french,"14-06-2013 12:45","active"
2154,"14-06-2013 18:53",6,english,"14-06-2013 18:54","active"
2157,"14-06-2013 09:14",11205,english,"14-06-2013 09:16","active"
2159,"14-06-2013 02:33",5817,korean,"14-06-2013 02:34","active"
2160,"14-06-2013 12:44",2,chinese,"14-06-2013 12:46","active"
2162,"14-06-2013 18:01",1055,french,"14-06-2013 18:03","active"
2164,"14-06-2013 07:01",1560,english,"14-06-2013 07:02","active"
2165,"14-06-2013 17:45",6726,chinese,"14-06-2013 17:46","active"
2166,"15-06-2013 15:11",2360,english,"15-06-2013 15:13","active"
2167,"15-06-2013 08:40",6954,english,"15-06-2013 08:42","active"
2169,"15-06-2013 18:59",249,spanish,"15-06-2013 19:00","active"
2171,"15-06-2013 17:09",3264,english,"15-06-2013 17:10","active"
2172,"15-06-2013 18:43",190,spanish,"15-06-2013 18:45","active"
2175,"16-06-2013 10:17",2516,german,"16-06-2013 10:18","active"
2176,"16-06-2013 15:40",11644,english,"16-06-2013 15:42","active"
2179,"17-06-2013 13:12",9685,spanish,"17-06-2013 13:13","active"
2180,"17-06-2013 14:44",9538,english,"17-06-2013 14:45","active"
2183,"17-06-2013 18:54",2219,english,"17-06-2013 18:55","active"
2187,"17-06-2013 11:18",92,english,"17-06-2013 11:20","active"
2188,"17-06-2013 07:00",580,english,"17-06-2013 07:01","active"
2189,"17-06-2013 10:00",440,chinese,"17-06-2013 10:01","active"
2190,"17-06-2013 11:44",7307,german,"17-06-2013 11:45","active"
2192,"17-06-2013 03:11",8508,chinese,"17-06-2013 03:12","active"
2193,"17-06-2013 06:55",11,indian,"17-06-2013 06:56","active"
2194,"17-06-2013 16:44",6168,english,"17-06-2013 16:45","active"
2195,"17-06-2013 18:54",323,italian,"17-06-2013 18:56","active"
2199,"18-06-2013 11:06",8,german,"18-06-2013 11:07","active"
2200,"18-06-2013 10:11",672,english,"18-06-2013 10:12","active"
2204,"18-06-2013 15:58",4797,english,"18-06-2013 15:59","active"
2206,"18-06-2013 09:49",11994,spanish,"18-06-2013 09:50","active"
2213,"18-06-2013 17:20",729,spanish,"18-06-2013 17:21","active"
2217,"19-06-2013 09:16",3474,english,"19-06-2013 09:17","active"
2222,"19-06-2013 08:52",9658,spanish,"19-06-2013 08:54","active"
2223,"19-06-2013 02:56",23,english,"19-06-2013 02:58","active"
2225,"19-06-2013 11:19",2480,english,"19-06-2013 11:21","active"
2234,"19-06-2013 13:39",1160,english,"19-06-2013 13:40","active"
2235,"19-06-2013 19:56",378,spanish,"19-06-2013 19:58","active"
2240,"20-06-2013 15:41",11565,english,"20-06-2013 15:43","active"
2242,"20-06-2013 18:32",1,german,"20-06-2013 18:34","active"
2243,"20-06-2013 16:32",17,french,"20-06-2013 16:33","active"
